Ticker,Company,NCT_ID,Title,Phase,Status
VRTX,Vertex Pharmaceuticals,NCT07204275,"A Study to Evaluate Efficacy, Safety, and Tolerability of Povetacicept in Participants With Primary Membranous Nephropathy (pMN)","PHASE2, PHASE3",RECRUITING
VRTX,Vertex Pharmaceuticals,NCT07161037,Phase 2a Study of VX-407 in Participants With ADPKD Who Have a Subset of PKD1 Gene Variants (AGLOW),PHASE2,RECRUITING
VRTX,Vertex Pharmaceuticals,NCT06185764,A Phase 1/2 Study of VX-670 in Adult Participants With Myotonic Dystrophy 1 (DM1),"PHASE1, PHASE2",RECRUITING
VRTX,Vertex Pharmaceuticals,NCT06154447,Evaluation of VX-828 in Healthy Participants and in Participants With Cystic Fibrosis,PHASE1,RECRUITING
VRTX,Vertex Pharmaceuticals,NCT04786262,"A Safety, Tolerability, and Efficacy Study of VX-880 in Participants With Type 1 Diabetes",PHASE3,RECRUITING
VRTX,Vertex Pharmaceuticals,NCT06832410,"An Efficacy, Safety, and Tolerability Study of VX-880 in Participants With Type 1 Diabetes With a Kidney Transplant",PHASE3,RECRUITING
VRTX,Vertex Pharmaceuticals,NCT07231419,Evaluation of Efficacy and Safety of Suzetrigine (SUZ) for Pain Associated With Diabetic Peripheral Neuropathy,PHASE3,RECRUITING
VRTX,Vertex Pharmaceuticals,NCT07501702,A Phase 2 Study to Evaluate Povetacicept in Adults With Generalized Myasthenia Gravis,PHASE2,NOT_YET_RECRUITING
VRTX,Vertex Pharmaceuticals,NCT05477563,Evaluation of Efficacy and Safety of a Single Dose of CTX001 in Participants With Transfusion-Dependent β-Thalassemia and Severe Sickle Cell Disease,PHASE3,RECRUITING
VRTX,Vertex Pharmaceuticals,NCT05668741,A Phase 1/2 Study of VX-522 in Participants With Cystic Fibrosis (CF),"PHASE1, PHASE2",RECRUITING
VRTX,Vertex Pharmaceuticals,NCT05422222,Evaluation of VX-121/Tezacaftor/Deutivacaftor in Cystic Fibrosis (CF) Participants 1 Through 11 Years of Age,PHASE3,RECRUITING
VRTX,Vertex Pharmaceuticals,NCT05312879,Phase 2/3 Adaptive Study of VX-147 in Adult and Pediatric Participants With APOL1-Mediated Proteinuric Kidney Disease,"PHASE2, PHASE3",RECRUITING
VRTX,Vertex Pharmaceuticals,NCT06619860,Evaluation of Efficacy and Safety of VX-993 for Pain Associated With Diabetic Peripheral Neuropathy,PHASE2,RECRUITING
VRTX,Vertex Pharmaceuticals,NCT07463430,Suzetrigine for Non-Mastectomy Breast Surgery,PHASE4,NOT_YET_RECRUITING
VRTX,Vertex Pharmaceuticals,NCT07437105,Dose Escalation Study Evaluating the Safety and Pharmacokinetics of VX-272 in Healthy Participants,PHASE1,RECRUITING
VRTX,Vertex Pharmaceuticals,NCT06794996,Inaxaplin in Participants With Proteinuric APOL1 Mediated Kidney Disease With or Without Comorbidities,PHASE2,RECRUITING
VRTX,Vertex Pharmaceuticals,NCT06628908,Evaluation of Efficacy and Safety of Suzetrigine for Pain Associated With Diabetic Peripheral Neuropathy,PHASE3,RECRUITING
VRTX,Vertex Pharmaceuticals,NCT07378865,Evaluation of the Excretion of Suzetrigine Into Breast Milk in Healthy Lactating Female Participants,PHASE1,RECRUITING
VRTX,Vertex Pharmaceuticals,NCT07283770,Dose Escalation Study Evaluating the Safety and Pharmacokinetics of VX-581 in Healthy Participants,PHASE1,RECRUITING
REGN,Regeneron Pharmaceuticals,NCT06975787,Dose Escalation Study With Bispecific Antibodies in Adult Patients With Lupus Nephritis,PHASE1,RECRUITING
REGN,Regeneron Pharmaceuticals,NCT06665971,Effect of Dupilumab on the Muscle Function of the Esophagus (food Pipe) in Participants with Eosinophilic Esophagitis (EoE),PHASE4,RECRUITING
REGN,Regeneron Pharmaceuticals,NCT05042258,"Using Dupilumab to Improve Circadian Function, Sleep and Pruritus in Children With Moderate/Severe Atopic Dermatitis",PHASE4,RECRUITING
REGN,Regeneron Pharmaceuticals,NCT06981325,Evaluation of Efficacy and Safety of Cemiplimab as First Line Treatment for Advanced Basal Cell Carcinoma (BCC) Patients,PHASE2,RECRUITING
REGN,Regeneron Pharmaceuticals,NCT00381121,"University of Michigan ""Nephrology Research BioBank""",,RECRUITING
REGN,Regeneron Pharmaceuticals,NCT05991388,A Global Study of Novel Agents in Paediatric and Adolescent Relapsed and Refractory B-cell Non-Hodgkin Lymphoma,"PHASE2, PHASE3",RECRUITING
REGN,Regeneron Pharmaceuticals,NCT04291105,Phase 2 Trial of Voyager V1 in Combination With Cemiplimab in Cancer Patients,PHASE2,RECRUITING
REGN,Regeneron Pharmaceuticals,NCT06693531,"A U.S. Registry of Eosinophilic Esophagitis Pediatric, Adolescent and Adult Patients Treated With DUPIXENT® As Standard of Care",,RECRUITING
REGN,Regeneron Pharmaceuticals,NCT06469281,"A Study to Learn if 27T51, a Mucin-16 (MUC16) Protein Targeting Immune Cell Therapy, Administered Alone or in Combination is Safe and How Well it Works for Adult Participants With Recurrent or Treatment Resistant Ovarian Cancers",PHASE1,RECRUITING
REGN,Regeneron Pharmaceuticals,NCT07064330,"Next-gen Flow Cytometry to Find Immune Profiles, Treatment Response, and Toxicity Markers in Skin Cancer Patients Treated With Cemiplimab.",,RECRUITING
REGN,Regeneron Pharmaceuticals,NCT07286214,Sarilumab Efficacy and Safety in Adults With Early Polymyalgia Rheumatica,PHASE4,NOT_YET_RECRUITING
REGN,Regeneron Pharmaceuticals,NCT06910124,Linvoseltamab in Addition to Lenalidomide (L2) During Maintenance Therapy of NDMM to Deepen Responses or Redrive MRD Negativity After Relapse,PHASE2,RECRUITING
REGN,Regeneron Pharmaceuticals,NCT07224022,Cemiplimab With Fianlimab for Resectable Non-Metastatic Colon Cancer,PHASE2,NOT_YET_RECRUITING
REGN,Regeneron Pharmaceuticals,NCT04543071,"Chemo4METPANC Combination Chemokine Inhibitor, Immunotherapy, and Chemotherapy in Pancreatic Adenocarcinoma",PHASE2,RECRUITING
REGN,Regeneron Pharmaceuticals,NCT06129552,Basal Instincts: Towards Better Understanding of Basal Cell Function in Chronic Rhinosinusitis With Nasal Polyps,,RECRUITING
REGN,Regeneron Pharmaceuticals,NCT07187401,"A First-in-Human Safety and Efficacy Study of ALN-CFB, a Small Interfering RNA (siRNA) Targeting Complement Factor B, in Adult Participants With Paroxysmal Nocturnal Hemoglobinuria With Persistent Anemia on a C5 Inhibitor","PHASE1, PHASE2",RECRUITING
REGN,Regeneron Pharmaceuticals,NCT06230224,A Trial to Learn How Effective and Safe Odronextamab is Compared to Standard of Care for Adult Participants With Previously Treated Aggressive B-cell Non-Hodgkin Lymphoma,PHASE3,RECRUITING
REGN,Regeneron Pharmaceuticals,NCT06855212,Phase II Study of Neoadjuvant Cetuximab and Cemiplimab in Patients Undergoing Surgery for HNSCC,PHASE2,RECRUITING
REGN,Regeneron Pharmaceuticals,NCT05285839,Dupixent and Narrowband UVB for Atopic Dermatitis,PHASE4,RECRUITING
REGN,Regeneron Pharmaceuticals,NCT07222761,A Study to Compare Linvoseltamab Monotherapy and Linvoseltamab + Carfilzomib Combination Therapy With Standard-of-Care Combination Regimens in Adult Participants With Relapsed/Refractory Multiple Myeloma (RRMM),PHASE3,RECRUITING
REGN,Regeneron Pharmaceuticals,NCT06351592,First in Human (FIH) Study of ALN-SOD in Adult Participants With Amyotrophic Lateral Sclerosis Associated With Mutation in the SOD1 Gene (SOD1-ALS),"PHASE1, PHASE2",RECRUITING
REGN,Regeneron Pharmaceuticals,NCT03564340,Study of REGN4018 (Ubamatamab) Administered Alone or in Combination With Cemiplimab in Adult Patients With Recurrent Ovarian Cancer or Other Recurrent Mucin-16 Expressing (MUC16+) Cancers,"PHASE1, PHASE2",RECRUITING
REGN,Regeneron Pharmaceuticals,NCT06205836,Cemiplimab With or Without Fianlimab to Treat Older Patients With Localized or Locally Advanced MSI-H Colorectal Cancer,PHASE2,RECRUITING
REGN,Regeneron Pharmaceuticals,NCT07484230,"A Phase 3 Study to Assess the Efficacy, Safety, and Tolerability of Itepekimab (Anti-IL-33 mAb) in Adult Japanese Participants With Inadequately-controlled Chronic Rhinosinusitis With Nasal Polyps",PHASE3,NOT_YET_RECRUITING
REGN,Regeneron Pharmaceuticals,NCT05961709,The Phoenix Trial: Phase II Trial of Cemiplimab for the Non-operative Management of Localized dMMR Colon Cancer,PHASE2,RECRUITING
REGN,Regeneron Pharmaceuticals,NCT07387198,Neoadjuvant Merkel Cell Carcinoma Therapy (Tx) With the PD-1 Inhibitor Cemiplimab,PHASE2,NOT_YET_RECRUITING
REGN,Regeneron Pharmaceuticals,NCT05519475,A Precision Medicine Approach Using Gene Silencing to Treat a Chronic Liver Disease Called Metabolic Dysfunction-Associated Steatohepatitis (MASH) in Adult Participants at Increased Genetic Risk for This Condition,PHASE2,RECRUITING
REGN,Regeneron Pharmaceuticals,NCT02622581,"Clinical Research Platform Into Molecular Testing, Treatment and Outcome of (Non-)Small Cell Lung Carcinoma Patients",,RECRUITING
REGN,Regeneron Pharmaceuticals,NCT04722523,A Study of Cemiplimab With Chemotherapy and Immunotherapy in People With Head and Neck Cancer,PHASE1,RECRUITING
REGN,Regeneron Pharmaceuticals,NCT06669247,A Study to Assess the Safety and Anti-Tumor Activity of REGN7945 in Combination With Linvoseltamab in Adult Participants With Relapsed/Refractory Multiple Myeloma,"PHASE1, PHASE2",RECRUITING
REGN,Regeneron Pharmaceuticals,NCT07393282,A Study to Compare Linvoseltamab and Daratumumab Treatment in High-Risk Smoldering Multiple Myeloma (HR-SMM),PHASE3,NOT_YET_RECRUITING
REGN,Regeneron Pharmaceuticals,NCT05685173,A Trial to Study if REGN5837 in Combination With Odronextamab is Safe for Adult Participants With Aggressive B-cell Non-Hodgkin Lymphomas,PHASE1,RECRUITING
REGN,Regeneron Pharmaceuticals,NCT04590326,"A Study to Find Out How Safe REGN5668 is and How Well it Works In Adult Women When Given With Either Cemiplimab, or Cemiplimab + Fianlimab, or Ubamatamab","PHASE1, PHASE2",RECRUITING
REGN,Regeneron Pharmaceuticals,NCT07318610,Reducing Adverse Vascular Outcomes With Factor XI Inhibition in Adult Participants With Peripheral Artery Disease,PHASE3,NOT_YET_RECRUITING
REGN,Regeneron Pharmaceuticals,NCT06541704,A Study Investigating Subcutaneously Administered Pozelimab in Combination With Cemdisiran or Cemdisiran Alone in Adult Participants With Geographic Atrophy,PHASE3,RECRUITING
REGN,Regeneron Pharmaceuticals,NCT07142343,"A Study to Test the Safety of Pozelimab in Pediatric Participants 1 to 5 Years of Age With a Rare Disease Called CHAPLE (Complement Hyperactivation, Angiopathic Thrombosis, Protein-losing Enteropathy) Disease",PHASE4,RECRUITING
REGN,Regeneron Pharmaceuticals,NCT06226610,Dupixent in Adults With Refractory Post-Burn Pruritus in an Ambulatory Clinic,PHASE2,RECRUITING
REGN,Regeneron Pharmaceuticals,NCT06140524,A Proof-of-Concept Study to Learn Whether Linvoseltamab Can Eliminate Abnormal Plasma Cells That May Lead to Multiple Myeloma in Adult Patients With High-Risk Monoclonal Gammopathy of Undetermined Significance or Non-High-Risk Smoldering Multiple Myeloma,PHASE2,RECRUITING
REGN,Regeneron Pharmaceuticals,NCT02986984,Transformative Research in Diabetic Nephropathy,,RECRUITING
REGN,Regeneron Pharmaceuticals,NCT06836609,A Study to Evaluate ALN-CIDEB in Adult Participants With Metabolic Dysfunction-Associated Steatotic Liver Disease or With Metabolic Dysfunction-Associated Steatohepatitis (MASLD/MASH),PHASE1,RECRUITING
REGN,Regeneron Pharmaceuticals,NCT06902376,XL092 and Cemiplimab in BRAF WT Thyroid Cancer,PHASE1,RECRUITING
REGN,Regeneron Pharmaceuticals,NCT05125016,A Trial to Find Out if REGN4336 is Safe and How Well it Works Alone and in Combination With Cemiplimab or REGN5678 for Adult Participants With Advanced Prostate Cancer,"PHASE1, PHASE2",RECRUITING
REGN,Regeneron Pharmaceuticals,NCT06421636,"A Study to Test the Safety, Tolerability, and Efficacy of an Antibody, REGN7999, Injected Under the Skin for the Treatment of Iron Overload in Adult Participants With Non-Transfusion Dependent β-thalassemia, Using MRI Scans to Measure Iron Levels in the Body",PHASE2,RECRUITING
REGN,Regeneron Pharmaceuticals,NCT07235917,A Study to Investigate Mibavademab in Adult Women With Functional Hypothalamic Amenorrhea,PHASE2,RECRUITING
REGN,Regeneron Pharmaceuticals,NCT06826768,A Ph Ib Study of REGN5678 Plus Cemiplimab in Patients With mCRPC,PHASE1,RECRUITING
REGN,Regeneron Pharmaceuticals,NCT06571708,Gemcitabine/Cisplatin Plus Cemiplimab With or Without Fianlimab in Localized Muscle-invasive Bladder Cancer (NeoSTOP-IT),PHASE2,RECRUITING
REGN,Regeneron Pharmaceuticals,NCT07251413,Cemiplimab Plus Imiquimod and Laser Therapy As Neoadjuvant Treatment In Cutaneous Basal Cell Carcinoma,"PHASE1, PHASE2",RECRUITING
REGN,Regeneron Pharmaceuticals,NCT03761108,Phase 1/2 Study of Linvoseltamab in Adult Patients With Relapsed or Refractory Multiple Myeloma,"PHASE1, PHASE2",RECRUITING
REGN,Regeneron Pharmaceuticals,NCT06191315,Efficacy and Safety of Subcutaneous Dupilumab in Participants With Asthma/Asthmatic Wheeze Aged 2 to <6 Years (LIBERTY ASTHMA TREKIDS),PHASE3,RECRUITING
REGN,Regeneron Pharmaceuticals,NCT06379789,"A Study to Investigate the Safety and Effectiveness of a Coagulation Factor IX Gene Insertion Therapy (REGV131-LNP1265) in Pediatric, Adolescent and Adult Participants With Hemophilia B","PHASE1, PHASE2",RECRUITING
ALNY,Alnylam Pharmaceuticals,NCT06585449,A Study to Evaluate ALN-HTT02 in Adult Patients With Huntington's Disease,PHASE1,RECRUITING
ALNY,Alnylam Pharmaceuticals,NCT07463846,A Study to Evaluate ALN-2232 in Participants With Obesity,"PHASE1, PHASE2",RECRUITING
ALNY,Alnylam Pharmaceuticals,NCT04561518,ConTTRibute: A Global Observational Study of Patients With Transthyretin (TTR)-Mediated Amyloidosis (ATTR Amyloidosis),,RECRUITING
ALNY,Alnylam Pharmaceuticals,NCT05577819,Prevalence and Prediction of ATTR in Ambulatory Patients With HFpEF,NA,RECRUITING
ALNY,Alnylam Pharmaceuticals,NCT04883905,"ELEVATE, a Registry of Patients With Acute Hepatic Porphyria (AHP)",,RECRUITING
ALNY,Alnylam Pharmaceuticals,NCT06360289,Observational Study of Neurofilament Light Chain (NfL) as a Biomarker in Asymptomatic Carriers of the Transthyretin (TTR) Variants and Patients With Hereditary Transthyretin-mediated (hATTR) Amyloidosis With Polyneuropathy,,RECRUITING
ALNY,Alnylam Pharmaceuticals,NCT06659640,A Study to Evaluate ALN-6400 in Healthy Volunteers and Patients With Hereditary Hemorrhagic Telangiectasia (HHT),"PHASE1, PHASE2",RECRUITING
ALNY,Alnylam Pharmaceuticals,NCT07223203,TRITON-PN: A Study to Evaluate the Efficacy and Safety of Nucresiran in Patients With Hereditary Transthyretin Amyloidosis With Polyneuropathy,PHASE3,RECRUITING
ALNY,Alnylam Pharmaceuticals,NCT07358078,"DemonsTTRate: A Global, Observational, Multicenter, Long-term Study of Patients With ATTR-CM in a Real-World Setting",,RECRUITING
ALNY,Alnylam Pharmaceuticals,NCT06600321,A Study to Evaluate ALN-BCAT in Patients With Hepatocellular Carcinoma,PHASE1,RECRUITING
ALNY,Alnylam Pharmaceuticals,NCT06225544,Lumasiran in Hyperoxalaemic Patients on Haemodialysis,PHASE2,RECRUITING
ALNY,Alnylam Pharmaceuticals,NCT07181109,Zilebesiran in Patients With Hypertension Not Adequately Controlled and With Either Established Cardiovascular Disease or High Risk for Cardiovascular Disease,PHASE3,RECRUITING
ALNY,Alnylam Pharmaceuticals,NCT06393712,A Phase 2 Trial of ALN-APP in Patients With Cerebral Amyloid Angiopathy,PHASE2,RECRUITING
ALNY,Alnylam Pharmaceuticals,NCT07214727,A Study to Evaluate ALN-5288 in Patients With Alzheimer's Disease,PHASE1,RECRUITING
ALNY,Alnylam Pharmaceuticals,NCT05040373,Patisiran-Lipid Nanoparticle (LNP) Pregnancy Surveillance Program,,RECRUITING
ALNY,Alnylam Pharmaceuticals,NCT07295717,A Study to Evaluate ALN-4285 in Adult Healthy Volunteers,PHASE1,RECRUITING
ALNY,Alnylam Pharmaceuticals,NCT07052903,TRITON-CM: A Study to Evaluate Nucresiran in Patients With Transthyretin Amyloidosis With Cardiomyopathy,PHASE3,RECRUITING
ALNY,Alnylam Pharmaceuticals,NCT07465224,A Study to Evaluate ALN-4324 on Insulin Sensitivity in Adults With Type 2 Diabetes Mellitus,PHASE2,RECRUITING
ALNY,Alnylam Pharmaceuticals,NCT06845202,A Study to Evaluate ALN-4324 in Overweight to Obese Healthy Volunteers and in Overweight to Obese Patients With T2DM,"PHASE1, PHASE2",RECRUITING
ALNY,Alnylam Pharmaceuticals,NCT05231785,A Study to Evaluate the Safety and Tolerability of ALN-APP in Patients With EOAD,PHASE1,RECRUITING
INSM,Insmed,NCT07179380,Efficacy and Safety Study of Treprostinil Palmitil Inhalation Powder (TPIP) in Participants With Pulmonary Hypertension Associated With Interstitial Lung Disease (PH-ILD),PHASE3,RECRUITING
INSM,Insmed,NCT06144996,Development of a Canadian Bronchiectasis and NTM Database,,RECRUITING
INSM,Insmed,NCT07234032,An Open-Label Extension Study of Treprostinil Palmitil Inhalation Powder (TPIP) in Participants With Pulmonary Hypertension Associated With Interstitial Lung Disease (PH-ILD),PHASE3,NOT_YET_RECRUITING
INSM,Insmed,NCT07290062,A Study to Investigate the Safety and Pharmacodynamics of a Single Intrathecal Injection (IT) of INS1202 in Participants With Amyotrophic Lateral Sclerosis (ALS),PHASE1,RECRUITING
INSM,Insmed,NCT07481981,A Study to Evaluate the Efficacy and Safety of Once Daily Treprostinil Palmitil Inhalation Powder (TPIP) in Participants With Pulmonary Arterial Hypertension (PAH),PHASE3,NOT_YET_RECRUITING
INSM,Insmed,NCT06817382,A Study to Investigate the Safety and Biodistribution of a Single Intrathecal (IT) Injection of INS1201 in Ambulatory Males With Duchenne Muscular Dystrophy (DMD),PHASE1,RECRUITING
MRNA,Moderna,NCT05668741,A Phase 1/2 Study of VX-522 in Participants With Cystic Fibrosis (CF),"PHASE1, PHASE2",RECRUITING
INCY,Incyte Corporation,NCT07356245,Ruxolitinib Maintenance Post-Hematopoietic Stem Cell Transplant T-Cell Lymphoma,PHASE2,RECRUITING
INCY,Incyte Corporation,NCT06008808,Ruxolitinib With and Without CTLA-4 Ig Abatacept for the Prophylaxis of Graft-Versus-Host Disease and Cytokine Release Syndrome After T-cell Replete Haploidentical Peripheral Blood Hematopoietic Cell Transplantation,PHASE1,RECRUITING
INCY,Incyte Corporation,NCT06792825,HM2023-43:Ph 2 Trial of Tafasitamab With Lenalidomide+Rituximab in Treatment-naive FL and MZL,PHASE2,RECRUITING
INCY,Incyte Corporation,NCT07511062,Axatilimab Combined With Decitabine/Venetoclax for the Treatment of TP53-mutated AML,PHASE1,NOT_YET_RECRUITING
INCY,Incyte Corporation,NCT06616155,Ruxolitinib and Enzalutamide for the Treatment of Metastatic Castration-Resistant Prostate Cancer,"PHASE1, PHASE2",RECRUITING
INCY,Incyte Corporation,NCT07359859,A Study of Ruxolitinib for Preventing Graft-Versus-Host Disease in People With a Hematologic Malignancy Who Will Receive a Stem Cell Transplant,PHASE2,RECRUITING
INCY,Incyte Corporation,NCT07502872,"TPG: Tafasitamab, Polatuzumab Vedotin, and Glofitamab as First-line Therapy for Diffuse Large B-cell Lymphoma and High-grade B-cell Lymphoma",PHASE2,NOT_YET_RECRUITING
INCY,Incyte Corporation,NCT06773195,A Study of Ruxolitinib in Combination With Ulixertinib in People With Myelofibrosis,"PHASE1, PHASE2",RECRUITING
INCY,Incyte Corporation,NCT06855498,Rollover Study for Participants Previously Enrolled in Clinical Trials of Povorcitinib,PHASE3,RECRUITING
INCY,Incyte Corporation,NCT05936359,A Study to Evaluate INCA033989 Administered as a Monotherapy or in Combination With Ruxolitinib in Participants With Myeloproliferative Neoplasms,PHASE1,RECRUITING
INCY,Incyte Corporation,NCT06906562,"A Phase II Nationwide, Fully Decentralized, Telemedicine Study of Pemigatinib in Adult Patients With Advanced or Metastatic Pancreatic Cancer With FGFR Genetic Alterations",PHASE2,RECRUITING
INCY,Incyte Corporation,NCT05177133,Anti-PD-1 and CapOx for the First-line Treatment of dMMR Esophagogastric Cancer (AuspiCiOus),PHASE2,RECRUITING
INCY,Incyte Corporation,NCT05943964,Virtual Rehabilitation in HCT,NA,RECRUITING
INCY,Incyte Corporation,NCT05757219,Itacitinib Pre-modulation in DLBCL Receiving CAR T Cell Therapy,PHASE2,RECRUITING
INCY,Incyte Corporation,NCT07424222,Ruxolitinib for Immune Effector Cell Associated Hemophagocytic Lymphohistiocytosis-like Syndrome (RISE),PHASE1,NOT_YET_RECRUITING
INCY,Incyte Corporation,NCT03934372,"Safety and Efficacy of Ponatinib for Treatment of Pediatric Recurrent or Refractory Leukemias, Lymphomas or Solid Tumors","PHASE1, PHASE2",RECRUITING
INCY,Incyte Corporation,NCT07085039,Ruxolitinib in Previously Treated Idiopathic Multicentric Castleman Disease,PHASE2,RECRUITING
INCY,Incyte Corporation,NCT06804811,A Study to Evaluate the Efficacy and Safety of Ruxolitinib Cream in Children (6 to < 12 Years Old) With Nonsegmental Vitiligo,PHASE3,RECRUITING
INCY,Incyte Corporation,NCT06516952,A Study to Evaluate the Efficacy and Safety Study of Povorcitinib in Participants With Prurigo Nodularis (STOP-PN1),PHASE3,RECRUITING
INCY,Incyte Corporation,NCT05890352,Study Adding Drugs to Usual Treatment for Large B-Cell Lymphoma That Returned or Did Not Respond to Treatment,PHASE2,RECRUITING
INCY,Incyte Corporation,NCT06160791,Ruxolitinib With De-Intensified HLH-94 for the Treatment of Hemophagocytic Lymphohistiocytosis (HLH),PHASE2,RECRUITING
INCY,Incyte Corporation,NCT06728410,A Phase II Study of Pemigatinib Plus Durvalumab in Previously Treated Advanced Intrahepatic Cholangiocarcinoma Patients With FGFR-2 Fusion or Rearrangement,PHASE2,RECRUITING
INCY,Incyte Corporation,NCT05298293,Electronic MonitorIng of Events for dIffuse Large b Cell LYmphoma,NA,NOT_YET_RECRUITING
INCY,Incyte Corporation,NCT07008118,A Study to Evaluate INCA035784 in Participants With Myeloproliferative Neoplasms,PHASE1,RECRUITING
INCY,Incyte Corporation,NCT07283822,Amping up With PemJAK,PHASE2,RECRUITING
INCY,Incyte Corporation,NCT07252050,Ruxolitinib-Enhanced Haplo HCT for Children and Young Adults With Sickle Cell Disease,"PHASE1, PHASE2",NOT_YET_RECRUITING
INCY,Incyte Corporation,NCT02925234,The Drug Rediscovery Protocol (DRUP Trial),PHASE2,RECRUITING
INCY,Incyte Corporation,NCT06320405,Axatilimab in Combination With Retifanlimab and Paclitaxel for the Treatment of Patients With Advanced or Metastatic Solid Tumors,"PHASE1, PHASE2",RECRUITING
INCY,Incyte Corporation,NCT06663722,Axatilimab in Combination With Extracorporeal Photopheresis (ECP) in Chronic Graft-versus-Host Disease,PHASE2,RECRUITING
INCY,Incyte Corporation,NCT07126236,Response-adaptive to Epcoritamab In First Relapse: Study to Evaluate the Efficacy of Eptoritamab in Patients With Relapse/Refractory Large B Cell Lymphoma,PHASE2,RECRUITING
INCY,Incyte Corporation,NCT06991101,Ruxolitinib With Radiation and Temozolomide Compared to Radiation and Temozolomide for Newly Diagnosed Glioblastoma,PHASE2,RECRUITING
INCY,Incyte Corporation,NCT06439485,Phase I/II Trial of Pemigatinib in Combination With Atezolizumab and Bevacizumab for Treatment of Advanced Cholangiocarcinoma With FGFR2 Fusion,"PHASE1, PHASE2",RECRUITING
INCY,Incyte Corporation,NCT07434843,PH 2 Pemigatinib in SDH-deficient GIST,PHASE2,NOT_YET_RECRUITING
INCY,Incyte Corporation,NCT07448155,"A Study to Evaluate the Pharmacokinetics, Safety, and Tolerability of INCA033989 Following Subcutaneous or Intravenous Administration in Healthy Adult Participants",PHASE1,RECRUITING
INCY,Incyte Corporation,NCT05851443,A Study to Evaluate the Efficacy and Safety Study of Povorcitinib in Participants With Inadequately Controlled Moderate to Severe Asthma,PHASE2,RECRUITING
INCY,Incyte Corporation,NCT05345002,All-Trans Retinoic Acid (ATRA) Plus PD-1 Inhibition in Recurrent IDH-Mutant Glioma,PHASE2,RECRUITING
INCY,Incyte Corporation,NCT06615050,A Study of Tacrolimus/Methotrexate/Ruxolitinib Versus Post-Transplant Cyclophosphamide/Tacrolimus/Mycophenolate Mofetil in Non-Myeloablative/Reduced Intensity Conditioning Allogeneic Peripheral Blood Stem Cell Transplantation (BMT CTN 2203),PHASE3,RECRUITING
INCY,Incyte Corporation,NCT07214779,Study to Evaluate INCB123667 Versus Investigator's Choice of Chemotherapy in Participants With Platinum-Resistant Ovarian Cancer With Cyclin E1 Overexpression,PHASE3,RECRUITING
INCY,Incyte Corporation,NCT04414514,Topical Ruxolitinib 1.5% for Hidradenitis Suppurativa Treatment,PHASE2,RECRUITING
INCY,Incyte Corporation,NCT06523556,"Axatilimab With or Without Azacitidine for the Treatment of Patients With Advanced Phase Myeloproliferative Neoplasms, Myeloproliferative Neoplasm/Myelodysplastic Syndrome Overlap or High Risk Chronic Myelomonocytic Leukemia","PHASE1, PHASE2",RECRUITING
INCY,Incyte Corporation,NCT04061421,Active Myeloid Target Compound Combinations in MDS/MPN Overlap Syndromes Overlap Syndromes (ABNL-MARRO),"PHASE1, PHASE2",RECRUITING
INCY,Incyte Corporation,NCT06179160,A Study to Evaluate INCB161734 in Participants With Advanced or Metastatic Solid Tumors With KRAS G12D Mutation,PHASE1,RECRUITING
INCY,Incyte Corporation,NCT07124078,A Study to Evaluate Axatilimab Versus Best Available Therapy in Pediatric Participants With Chronic Graft-Versus-Host Disease After at Least 2 Prior Lines of Systemic Therapy (AGAVE-256),PHASE2,RECRUITING
INCY,Incyte Corporation,NCT03571321,Ruxolitinib and Chemotherapy in Adolescents and Young Adults With Ph-like Acute Lymphoblastic Leukemia,PHASE1,RECRUITING
INCY,Incyte Corporation,NCT06548360,A Study to Evaluate the Safety and Efficacy of Ruxolitinib Cream in Pediatric Participants With Nonsegmental Vitiligo,PHASE3,RECRUITING
INCY,Incyte Corporation,NCT04981795,realMIND: Observational Study on Safety and Effectiveness of Tafasitamab in Combination With Lenalidomide in Patients With Relapsed or Refractory DLBCL,,RECRUITING
INCY,Incyte Corporation,NCT06649201,Vulvovaginal Graft-versus-Host Disease: Diagnosis and Microbiome Evaluation,,RECRUITING
INCY,Incyte Corporation,NCT06399029,Topical Ruxolitinib Evaluation in Immune-related Lichenoid Skin-Toxicities,PHASE2,RECRUITING
INCY,Incyte Corporation,NCT06388564,A Study to Evaluate the Safety and Efficacy of Axatilimab in Combination With Ruxolitinib in Participants With Newly Diagnosed Chronic Graft-Versus-Host Disease,PHASE2,RECRUITING
INCY,Incyte Corporation,NCT07284849,A Study to Evaluate the Efficacy and Safety of Standard-of-Care Chemotherapy and Bevacizumab With or Without INCA33890 in the First-Line Treatment of Metastatic Microsatellite Stable Colorectal Cancer,PHASE3,RECRUITING
RVMD,Revolution Medicines,NCT06128551,Study of Elironrasib and Daraxonrasib as Monotherapies and Combination Therapy in Participants With Advanced KRAS G12C Mutant Solid Tumors,"PHASE1, PHASE2",RECRUITING
RVMD,Revolution Medicines,NCT07252232,Study of Daraxonrasib (RMC-6236) in Patients With Resected Pancreatic Ductal Adenocarcinoma (PDAC),PHASE3,RECRUITING
RVMD,Revolution Medicines,NCT07491445,Study of Daraxonrasib and Daraxonrasib + GnP as First-line Treatment in Patients With Metastatic Pancreatic Adenocarcinoma,PHASE3,RECRUITING
RVMD,Revolution Medicines,NCT06922591,"Study to Evaluate the Safety, Tolerability & Efficacy of TNG462 in Combination in PDAC & NSCLC Patients","PHASE1, PHASE2",RECRUITING
RVMD,Revolution Medicines,NCT06162221,Study of RAS(ON) Inhibitors in Patients With Advanced RAS-mutated NSCLC,"PHASE1, PHASE2",RECRUITING
RVMD,Revolution Medicines,NCT06881784,Study of Daraxonrasib (RMC-6236) in Patients With RAS Mutated NSCLC (RASolve 301),PHASE3,RECRUITING
RVMD,Revolution Medicines,NCT06040541,Study of RMC-9805 in Participants With KRAS G12D-Mutant Solid Tumors,PHASE1,RECRUITING
RVMD,Revolution Medicines,NCT05379985,Study of RMC-6236 in Patients With Advanced Solid Tumors Harboring Specific Mutations in RAS,"PHASE1, PHASE2",RECRUITING
RVMD,Revolution Medicines,NCT07349537,Study of RMC-5127 in Patients With Advanced KRAS G12V-Mutant Solid Tumors,PHASE1,RECRUITING
RVMD,Revolution Medicines,NCT07397338,Study of RAS(ON) Inhibitors in Combination With Ivonescimab in Patients With Solid Tumors,"PHASE1, PHASE2",RECRUITING
RVMD,Revolution Medicines,NCT05557292,RMC-5552 Monotherapy in Adult Subjects With Recurrent Glioblastoma,PHASE1,RECRUITING
RVMD,Revolution Medicines,NCT06445062,Study of RAS(ON) Inhibitors in Patients With Gastrointestinal Solid Tumors,"PHASE1, PHASE2",RECRUITING
SMMT,Summit Therapeutics,NCT06805617,"A Phase 2 Trial of Ivonescimab for Patients With Advanced, Metastatic Salivary Gland Cancers",PHASE2,RECRUITING
SMMT,Summit Therapeutics,NCT06529718,Testing Ivonescimab Versus FOLFOX in Advanced Biliary Tract Cancer Patients,PHASE2,RECRUITING
SMMT,Summit Therapeutics,NCT07228832,Phase III Study of Ivonescimab or Bevacizumab Combined With FOLFOX in Patients With Metastatic Colorectal Cancer,PHASE3,RECRUITING
SMMT,Summit Therapeutics,NCT06980077,Ivonescimab for the Treatment of Thymic Cancer,PHASE2,RECRUITING
SMMT,Summit Therapeutics,NCT06959550,Phase II Study of Anti-PD-1/VEGF Bispecific Antibody Ivonescimab in Patients With Previously Treated Metastatic Colorectal Cancer,PHASE2,RECRUITING
SMMT,Summit Therapeutics,NCT07094685,Ivonescimab Before Surgery for the Treatment of Resectable Stage II-IV Head and Neck Cancer,PHASE2,RECRUITING
SMMT,Summit Therapeutics,NCT07264075,Study Comparing Ivonescimab Alone or Ivonescimab in Combination With Ligufalimab Versus Pembrolizumab for the Treatment of SCCHN,PHASE3,NOT_YET_RECRUITING
SMMT,Summit Therapeutics,NCT07234877,A Randomized Phase II Study Evaluating Upfront SRT to All Brain Metastases Followed by Ivonescimab Plus Chemotherapy Versus Upfront Ivonescimab Plus Chemotherapy in Patients With Asymptomatic Active Brain Metastases From NSCLC,PHASE2,NOT_YET_RECRUITING
SMMT,Summit Therapeutics,NCT07070466,Ivonescimab in Comb. With FOLFOX in Advanced HER2 Neg. GEA,PHASE2,RECRUITING
SMMT,Summit Therapeutics,NCT05899608,Clinical Study of Ivonescimab for First-line Treatment of Metastatic NSCLC Patients,PHASE3,RECRUITING
SMMT,Summit Therapeutics,NCT07359456,Testing Ivonescimab in Combination With Chemotherapy in Patients With Metastatic Colorectal Cancers Without Liver Metastases,PHASE2,NOT_YET_RECRUITING
SMMT,Summit Therapeutics,NCT06940518,Phase II Trial of Ivonescimab in Previously Treated Patients With Advanced Clear Cell Renal Cell Carcinoma,PHASE2,RECRUITING
SMMT,Summit Therapeutics,NCT06567314,Phase 2 Study of Ivonescimab in Patients With Cutaneous Squamous Cell Carcinoma,PHASE2,RECRUITING
SMMT,Summit Therapeutics,NCT06767514,Clinical Study of Ivonescimab for First-line Treatment of Metastatic NSCLC Patients With High PD-L1,PHASE3,RECRUITING
SMMT,Summit Therapeutics,NCT06840834,Evaluating Ivonescimab as a Potential Treatment for Pleural Mesothelioma Patients Whose Cancer Has Returned After Previous Immunotherapy and Chemotherapy,PHASE2,RECRUITING
SMMT,Summit Therapeutics,NCT07516925,A Study of Ivonescimab in People With Leiomyosarcoma,PHASE2,RECRUITING
SMMT,Summit Therapeutics,NCT06925724,A Study of Ivonescimab in People With Endometrial and Cervical Cancers,PHASE2,RECRUITING
SMMT,Summit Therapeutics,NCT07405190,Ivonescimab Alone And With Carboplatin/Pemetrexed For NSCLC,PHASE2,NOT_YET_RECRUITING
SMMT,Summit Therapeutics,NCT06846346,Testing Ivonescimab in Combination With Chemotherapy in Advanced or Metastatic Gastric/Gastroesophageal Adenocarcinoma,PHASE2,RECRUITING
SMMT,Summit Therapeutics,NCT07057791,Phase II Study of Platinum/Etoposide Plus Ivonescimab for Extensive-Stage Small Cell Lung Cancer,PHASE2,RECRUITING
SMMT,Summit Therapeutics,NCT07397338,Study of RAS(ON) Inhibitors in Combination With Ivonescimab in Patients With Solid Tumors,"PHASE1, PHASE2",RECRUITING
SMMT,Summit Therapeutics,NCT07017673,Phase II Trial of Ivonescimab in Combination With Carboplatin + Docetaxel in Patients With Early-Stage Triple Negative Breast Cancer,PHASE2,RECRUITING
SMMT,Summit Therapeutics,NCT06672575,A Phase I/II Study of IVONESCIMAB in Recurrent Glioblastoma,"PHASE1, PHASE2",RECRUITING
BBIO,BridgeBio Pharma,NCT07398950,Prospective Evaluation of Artificial Intelligence-enabled Screening for Transthyretin Amyloid Cardiomyopathy (ATTR-CM),,NOT_YET_RECRUITING
IONS,Ionis Pharmaceuticals,NCT05127226,"HALOS: A Safety, Tolerability, Pharmacokinetics and Pharmacodynamics Study of Multiple Ascending Doses of ION582 in Participants With Angelman Syndrome","PHASE1, PHASE2",RECRUITING
IONS,Ionis Pharmaceuticals,NCT06914609,REVEAL: A Phase 3 Study of ION582 in Angelman Syndrome,PHASE3,RECRUITING
IONS,Ionis Pharmaceuticals,NCT07298447,Donidalorsen Treatment in Children With Hereditary Angioedema,PHASE3,RECRUITING
IONS,Ionis Pharmaceuticals,NCT06153966,"PrProfile: A Study to Assess the Safety, Tolerability, Pharmacokinetics and Pharmacodynamics of ION717","PHASE1, PHASE2",RECRUITING
IONS,Ionis Pharmaceuticals,NCT03047369,The Myelin Disorders Biorepository Project,,RECRUITING
IONS,Ionis Pharmaceuticals,NCT06150716,"Orbit Study: A Study to Evaluate the Safety, Pharmacokinetics, and Pharmacodynamics of Intrathecally Administered ION356 in Participants With Pelizaeus Merzbacher Disease (PMD)",PHASE1,RECRUITING
IONS,Ionis Pharmaceuticals,NCT04165486,"Study to Evaluate the Safety, Tolerability, and Pharmacokinetics of ION464 Administered to Adults With Multiple System Atrophy (HORIZON)",PHASE1,RECRUITING
IONS,Ionis Pharmaceuticals,NCT05659901,Rocket Study: A Study to Characterize Biomarkers and Disease Progression in Participants With Pelizaeus-Merzbacher Disease,,RECRUITING
IONS,Ionis Pharmaceuticals,NCT06430385,"ATTUNE: A Study to Evaluate the Safety, Tolerability, Pharmacokinetics, and Pharmacodynamics of Intrathecally-Administered ION440 in Participants With Methyl CpG Binding Protein 2 (MECP2) Duplication Syndrome (MDS)","PHASE1, PHASE2",RECRUITING
IONS,Ionis Pharmaceuticals,NCT02714764,Evaluation of Outcome Metrics in Alexander Disease,,RECRUITING
EXEL,Exelixis,NCT05425004,Cabozantinib for Patients With Recurrent or Progressive Meningioma,PHASE2,RECRUITING
EXEL,Exelixis,NCT07218666,Zanzalintinib in Men With Aggressive Variant Prostate Cancer,PHASE2,NOT_YET_RECRUITING
EXEL,Exelixis,NCT05263050,Trial of an Alternative Cabozantinib Dosing Schedule in Metastatic Renal Cell Carcinoma and Neuroendocrine Tumors,PHASE2,RECRUITING
EXEL,Exelixis,NCT01639508,Cabozantinib in Patients With RET Fusion-Positive Advanced Non-Small Cell Lung Cancer and Those With Other Genotypes: ROS1 or NTRK Fusions or Increased MET or AXL Activity,PHASE2,RECRUITING
EXEL,Exelixis,NCT07123103,A Study of XB371 Administered in Participants With Locally Advanced or Metastatic Solid Tumors,PHASE1,RECRUITING
EXEL,Exelixis,NCT03611595,Cabozantinib in Combination With 13-cis-Retinoic Acid in Children With Relapsed or Refractory Solid Tumors,PHASE1,RECRUITING
EXEL,Exelixis,NCT06968988,Zanzalintinib in Combination With Ipilimumab and Nivolumab in Patients With Metastatic Soft Tissue Sarcoma,PHASE1,RECRUITING
EXEL,Exelixis,NCT03899155,Pan Tumor Rollover Study,PHASE2,RECRUITING
EXEL,Exelixis,NCT03539822,Cabozantinib Plus Durvalumab With or Without Tremelimumab in Patients With Gastroesophageal Cancer and Other Gastrointestinal Malignancies,"PHASE1, PHASE2",RECRUITING
EXEL,Exelixis,NCT06902376,XL092 and Cemiplimab in BRAF WT Thyroid Cancer,PHASE1,RECRUITING
EXEL,Exelixis,NCT07049926,Substudy 03C: A Study of Combination Therapies in Participants With Renal Cell Carcinoma With Recurrent Disease During or After Anti-PD-(L)1 Therapy (MK-3475-03C/KEYMAKER-U03),"PHASE1, PHASE2",RECRUITING
EXEL,Exelixis,NCT05932862,A Phase 1 Study of XL309 (ISM3091) Alone and in Combination in Participants With Advanced Solid Tumors,PHASE1,RECRUITING
EXEL,Exelixis,NCT06943755,Zanzalintinib Versus Everolimus in Participants With Locally Advanced or Metastatic Neuroendocrine Tumors,"PHASE2, PHASE3",RECRUITING
EXEL,Exelixis,NCT06952010,A Study of XB628 in Participants With Recurrent Advanced or Metastatic Solid Tumors,PHASE1,RECRUITING
EXEL,Exelixis,NCT06698250,Zanzalintinib (XL-092) Plus Durvalumab and Tremelimumab in Unresectable Hepatocellular Carcinoma (ZENOBIA),PHASE2,RECRUITING
EXEL,Exelixis,NCT05931393,Sequential Treatment of Cabozantinib for Advanced Renal Cell Carcinoma (RCC),PHASE2,RECRUITING
EXEL,Exelixis,NCT06795009,Zanzalintinib in Combination With Paclitaxel in Recurrent High Grade Uterine Cancer,PHASE1,RECRUITING
EXEL,Exelixis,NCT06863311,Trial of Zanzalintinib (XL092) in Combination With Immunotherapy in Patients Who Progress on Adjuvant Therapy in Clear Cell RCC,PHASE2,RECRUITING
EXEL,Exelixis,NCT06962332,Pharmacokinetics (PK) and Safety of Zanzalintinib in Participants With Moderate Hepatic Impairment (HI),PHASE1,RECRUITING
EXEL,Exelixis,NCT07489495,A Clinical Study of Belzutifan (MK-6482) and Zanzalintinib in People With Renal Cell Carcinoma (RCC) (LITESPARK-034/LS-034/MK-6482-034),PHASE3,NOT_YET_RECRUITING
EXEL,Exelixis,NCT05135975,A Study of Cabozantinib as a Maintenance Agent to Prevent Progression or Recurrence in High-Risk Pediatric Solid Tumors,PHASE2,RECRUITING
EXEL,Exelixis,NCT07511504,"Y-90 Radioembolization, Durvalumab, Tremelimumab, and Zanzalintinib for the Treatment of Unresectable and Locally-Advanced Hepatocellular Carcinoma",PHASE2,NOT_YET_RECRUITING
EXEL,Exelixis,NCT05048212,A Phase II Study of Nivolumab With Ipilimumab and Cabozantinib in Patients With Untreated Renal Cell Carcinoma Brain Metastases,PHASE2,RECRUITING
EXEL,Exelixis,NCT06794229,Neoadjuvant Zanzalintinib Plus Nivolumab in Patients With Locally Advanced and/or Inoperable Clear Cell Renal Cell Carcinoma With or Without Non-measurable Metastasis,PHASE2,RECRUITING
EXEL,Exelixis,NCT06926634,Zanzalintinib Maintenance in Patients With High Grade Neuroendocrine Neoplasms (HG-NENs),PHASE2,RECRUITING
EXEL,Exelixis,NCT07043608,Zanzalintinib for Metastatic Clear Cell Renal Cell Carcinoma With Bone Metastases,PHASE2,NOT_YET_RECRUITING
EXEL,Exelixis,NCT05613894,Dose-Escalation Study of Cabozantinib in Combination With Lutetium-177 (177Lu)-PSMA-617 in Patients With Metastatic Castration-Resistant Prostate Cancer,PHASE1,RECRUITING
EXEL,Exelixis,NCT07227402,A Clinical Study of Belzutifan and Zanzalintinib in People With Recurrent Kidney Cancer Following Adjuvant Therapy (MK-6482-033),PHASE3,RECRUITING
EXEL,Exelixis,NCT04472767,Cabozantinib Combined With Ipilimumab/Nivolumab and TACE in Patients With Hepatocellular Carcinoma,PHASE2,RECRUITING
EXEL,Exelixis,NCT07428616,A Study of Zanzalintinib in Participants With Recurrent or Progressive Meningioma,PHASE2,NOT_YET_RECRUITING
EXEL,Exelixis,NCT06957431,Zanzalintinib Combined With Eribulin in Advanced Liposarcoma and Leiomyosarcoma,PHASE1,RECRUITING
EXEL,Exelixis,NCT06937866,Maintenance Zanzalintinib With Etoposide After HDCT in GCT,"PHASE1, PHASE2",RECRUITING
EXEL,Exelixis,NCT05176483,Study of Zanzalintinib in Combination With Immuno-Oncology Agents in Participants With Solid Tumors,PHASE1,RECRUITING
EXEL,Exelixis,NCT07226063,Maintenance Zanzalintinib and Durvalumab in Participants With Advanced Hepatocellular Cancer,PHASE2,NOT_YET_RECRUITING
EXEL,Exelixis,NCT07187869,Modulation of the Bone Immune Microenvironment Following Cabozantinib Treatment of Bone Metastatic Clear Cell Renal Cell Carcinoma: Proof of Concept Study,PHASE1,NOT_YET_RECRUITING
EXEL,Exelixis,NCT05502315,Study of Cabozantinib and Nivolumab in Metastatic Castration Resistant Prostate Cancer,PHASE2,RECRUITING
EXEL,Exelixis,NCT05859217,A Study of Combining Cabozantinib and Atezolizumab for Advanced/Metastatic NSCLC (Cabatezo-1),PHASE2,NOT_YET_RECRUITING
EXEL,Exelixis,NCT07193550,A Phase 2 Trial of Zanzalintinib in Advanced/Metastatic Bone Sarcomas (ZAMBONE),PHASE2,RECRUITING
EXEL,Exelixis,NCT07484139,"H&N NEO-COMBAT XL: Neoadjuvant XL-092 (Zanzalintinib) and Pembrolizumab (Keytruda) in Surgically Resectable, HPV Negative Oral Cavity Squamous Cell Carcinoma (OCSCC)",PHASE2,NOT_YET_RECRUITING
EXEL,Exelixis,NCT04878029,Cabozantinib in Combination With Enfortumab Vedotin for Locally Advanced or Metastatic Urothelial Cancer,PHASE1,RECRUITING
EXEL,Exelixis,NCT04322955,CYTO Reductive Surgery in Kidney Cancer Plus Immunotherapy and Targeted Kinase Inhibition,PHASE2,RECRUITING
EXEL,Exelixis,NCT07185945,Zanzalintinib for Advanced Urothelial Carcinoma Progressing After Prior Therapy,PHASE2,NOT_YET_RECRUITING
EXEL,Exelixis,NCT06959511,Zanzalintinib for the Treatment of Advanced Thyroid Cancer Before Surgery,PHASE2,RECRUITING
EXEL,Exelixis,NCT06156410,Cabozantinib With Ifosfamide in Relapsed/Refractory Sarcomas,PHASE1,RECRUITING
EXEL,Exelixis,NCT06835972,A Study of Abemaciclib and Cabozantinib in People With Clear Cell Renal Cell Carcinoma (ccRCC),"PHASE1, PHASE2",RECRUITING
EXEL,Exelixis,NCT06912087,Dose Finding Study of Zanzalintinib With Pembrolizumab and Cetuximab in Head and Neck SCC,PHASE1,RECRUITING
EXEL,Exelixis,NCT06545331,Study of XB010 in Subjects With Solid Tumors,PHASE1,RECRUITING
EXEL,Exelixis,NCT06568562,XL092 in Patients With Metastatic Castration-Resistant Prostate Cancer,PHASE2,RECRUITING
BMRN,BioMarin Pharmaceutical,NCT05579548,"A Global, Multicenter Study to Assess Maternal, Fetal and Infant Outcomes of Exposure to Palynziq® (Pegvaliase) During Pregnancy and Breastfeeding",,RECRUITING
BMRN,BioMarin Pharmaceutical,NCT06280209,"A Phase 1/2 Study to Assess the Safety, Tolerability, Pharmacokinetics, and Pharmacodynamics of BMN 351 in Participants With Duchenne Muscular Dystrophy","PHASE1, PHASE2",RECRUITING
BMRN,BioMarin Pharmaceutical,NCT07441876,A Phase 2/3 Study to Evaluate the Efficacy and Safety of BMN 333 Versus Vosoritide in Children With Achondroplasia,"PHASE2, PHASE3",NOT_YET_RECRUITING
BMRN,BioMarin Pharmaceutical,NCT07477691,Immune Modulation During Palynziq® Treatment in Adults (IMPALA),PHASE4,NOT_YET_RECRUITING
BMRN,BioMarin Pharmaceutical,NCT04800692,The Effects of ATLAS Therapy on Nitric Oxide Bioavailability in Patients With Intermittent Claudication,PHASE1,RECRUITING
BMRN,BioMarin Pharmaceutical,NCT06309979,A Study to Assess Growth in Children With Idiopathic Short Stature,,RECRUITING
BMRN,BioMarin Pharmaceutical,NCT06168201,VIrtual STudy in Achondroplasia for the US (VISTA),,RECRUITING
BMRN,BioMarin Pharmaceutical,NCT05734196,The ENERGY Study: Evaluation of Safety and Tolerability of INZ-701 in Infants With ENPP1 Deficiency or ABCC6 Deficiency,PHASE1,RECRUITING
BMRN,BioMarin Pharmaceutical,NCT06305234,"A Long Term, Post-marketing Study of Immune Response in Patients Receiving Palynziq Treatment for PKU (PALisade)",,RECRUITING
BMRN,BioMarin Pharmaceutical,NCT02597881,Achondroplasia Natural History Multicenter Clinical Study,,RECRUITING
BMRN,BioMarin Pharmaceutical,NCT06738017,Study of BMN 349 Single Dose in PiZZ and PiMZ/MASH Adult Participants,PHASE1,RECRUITING
BMRN,BioMarin Pharmaceutical,NCT05813678,"A Long-term, Post-marketing Safety Study of Palynziq in Patients With PKU (PALace)",,RECRUITING
BMRN,BioMarin Pharmaceutical,NCT07473973,ENERGY 2: Evaluation of the Efficacy and Safety of INZ-701 in Infants With ENPP1 Deficiency,PHASE3,RECRUITING
BMRN,BioMarin Pharmaceutical,NCT06382155,A Phase 2 Study of Vosoritide in Children With Idiopathic Short Stature,PHASE2,RECRUITING
BMRN,BioMarin Pharmaceutical,NCT07126262,A Study of Vosoritide Versus Placebo in Children With Hypochondroplasia Aged 0 to < 36 Months,PHASE2,RECRUITING
BMRN,BioMarin Pharmaceutical,NCT04404530,Nutritional Impacts of Palynziq on Patients With Phenylketonuria (PKU),,RECRUITING
BMRN,BioMarin Pharmaceutical,NCT06668805,"A Basket Study of Vosoritide in Children With Turner Syndrome, Short Stature Homeobox-Containing Gene Deficiency, and Noonan Syndrome With Inadequate Growth During or After Human Growth Hormone Treatment",PHASE2,RECRUITING
BMRN,BioMarin Pharmaceutical,NCT06212947,A Multicenter Multinational Observational Study of Children With Hypochondroplasia,,RECRUITING
ARWR,Arrowhead Pharmaceuticals,NCT06822790,Long-Term Safety and Efficacy of Plozasiran in Adults With Hypertriglyceridemia,PHASE3,RECRUITING
ARWR,Arrowhead Pharmaceuticals,NCT07473843,Study of Zodasiran in Adolescent Participants With Homozygous Familial Hypercholesterolemia,PHASE3,NOT_YET_RECRUITING
ARWR,Arrowhead Pharmaceuticals,NCT07241546,Study of Inhaled ARO-RAGE in Allergen-induced Mild Asthma,PHASE2,NOT_YET_RECRUITING
ARWR,Arrowhead Pharmaceuticals,NCT07037771,A Phase 3 Study of Zodasiran in Adolescent and Adult Subjects With Homozygous Familial Hypercholesterolemia (YOSEMITE),PHASE3,RECRUITING
ARWR,Arrowhead Pharmaceuticals,NCT06138743,Study of ARO-DM1 in Subjects With Type 1 Myotonic Dystrophy,"PHASE1, PHASE2",RECRUITING
ARWR,Arrowhead Pharmaceuticals,NCT06131983,Study of ARO-DUX4 in Adult and Adolescent Patients With Facioscapulohumeral Muscular Dystrophy Type 1,"PHASE1, PHASE2",RECRUITING
ARWR,Arrowhead Pharmaceuticals,NCT06937203,Study of ARO-ALK7 in Adult Volunteers With Obesity With and Without Type 2 Diabetes Mellitus,"PHASE1, PHASE2",RECRUITING
ARWR,Arrowhead Pharmaceuticals,NCT06700538,Study of ARO-INHBE in Adults With Obesity With and Without Diabetes Mellitus,"PHASE1, PHASE2",RECRUITING
ARWR,Arrowhead Pharmaceuticals,NCT07223658,Study of ARO-DIMERPA in Adult Participants With Mixed Hyperlipidemia,"PHASE1, PHASE2",RECRUITING
ARWR,Arrowhead Pharmaceuticals,NCT06672445,Study of ARO-ATXN2 Injection in Adults With Spinocerebellar Ataxia Type 2,PHASE1,RECRUITING
ARWR,Arrowhead Pharmaceuticals,NCT07221344,Study of ARO-MAPT-SC in Healthy Subjects and Subjects With Early Alzheimer's Disease,"PHASE1, PHASE2",RECRUITING
ARWR,Arrowhead Pharmaceuticals,NCT06880770,Study of Plozasiran in Adults With Severe Hypertriglyceridemia at Risk of Acute Pancreatitis,PHASE3,RECRUITING
AXSM,Axsome Therapeutics,NCT06413420,SUNOSI® (Solriamfetol) Pregnancy Registry,,RECRUITING
AXSM,Axsome Therapeutics,NCT06170970,Solriamfetol for the Treatment of Multiple Sclerosis Fatigue,PHASE2,RECRUITING
AXSM,Axsome Therapeutics,NCT06568367,"Studying Solriamfetol Modulation of TAAR-1, Dopamine, and Norepinephrine in Shift Work Disorder (SUSTAIN)",PHASE3,RECRUITING
AXSM,Axsome Therapeutics,NCT06223880,A Study to Evaluate the Efficacy of AXS-05 Compared to Bupropion in Preventing the Relapse of Depressive Symptoms,PHASE4,RECRUITING
AXSM,Axsome Therapeutics,NCT06413433,"Elucidating TAAR-1, Dopamine, and Norepinephrine in Binge Eating Disorder Using Solriamfetol",PHASE3,RECRUITING
AXSM,Axsome Therapeutics,NCT07484217,Clinical Assessment of Response in the Treatment of Depression With Daytime Sleepiness Using Solriamfetol,PHASE3,RECRUITING
AXSM,Axsome Therapeutics,NCT07398417,Fibromyalgia Response With Esreboxetine Evaluated Using a Randomized Withdrawal Research Design,PHASE3,RECRUITING
PCVX,Vaxcyte,NCT07425392,"Safety, Tolerability, and Immunogenicity of VAX-31 in Adults ≥50 Years With Prior Pneumococcal Vaccination",PHASE3,RECRUITING
PRAX,Praxis Precision Medicines,NCT06908356,An Open Label Trial to Evaluate the Efficacy and Safety of PRAX-628 in Adults With Focal Onset or Tonic-Clonic Seizures,PHASE2,RECRUITING
PRAX,Praxis Precision Medicines,NCT06999902,"Double-blind, Randomized Trial of PRAX-628 in Adults With Focal Seizures to Evaluate Efficacy and Safety (POWER1)","PHASE2, PHASE3",RECRUITING
PRAX,Praxis Precision Medicines,NCT07505004,"Double-blind, Randomized Clinical Trial Evaluating the Efficacy and Safety of Vormatrigine in Adults With Focal Seizures",PHASE3,RECRUITING
PRAX,Praxis Precision Medicines,NCT06840925,A Clinical Trial to Evaluate the Relative Bioavailability of PRAX-628,PHASE1,NOT_YET_RECRUITING
PRAX,Praxis Precision Medicines,NCT07010471,"A Clinical Trial for Participants With DEE to Assess Efficacy, Safety, Tolerability, and PK of Relutrigine",PHASE3,RECRUITING
PRAX,Praxis Precision Medicines,NCT05737784,A Clinical Trial of PRAX-222 in Pediatric Participants With Early Onset SCN2A Developmental and Epileptic Encephalopathy,"PHASE1, PHASE2",RECRUITING
PRAX,Praxis Precision Medicines,NCT07019922,A Clinical Trial of Elsunersen in Pediatric SCN2A-DEE to Assess Efficacy and Safety,PHASE3,RECRUITING
TECH,Bio-Techne Corporation,NCT06966089,ExosomeDx in MRI-negative Men With High PSA,NA,NOT_YET_RECRUITING
NUVL,Nuvalent,NCT05384626,A Study of Neladalkib (NVL-655) in Patients With Advanced NSCLC and Other Solid Tumors Harboring ALK Rearrangement or Activating ALK Mutation (ALKOVE-1),"PHASE1, PHASE2",RECRUITING
NUVL,Nuvalent,NCT05118789,A Study of Zidesamtinib (NVL-520) in Patients With Advanced NSCLC and Other Solid Tumors Harboring ROS1 Rearrangement (ARROS-1),"PHASE1, PHASE2",RECRUITING
NUVL,Nuvalent,NCT06521554,A Study of NVL-330 in Patients With Advanced or Metastatic HER2-altered NSCLC (HEROEX-1),PHASE1,RECRUITING
NUVL,Nuvalent,NCT06765109,Neladalkib (NVL-655) for TKI-naive Patients With Advanced ALK-Positive NSCLC,PHASE3,RECRUITING
CYTK,"Cytokinetics,",NCT06736574,Study With Omecamtiv Mecarbil (CK-1827452) to Treat Chronic Heart Failure With Severely Reduced Ejection Fraction,PHASE3,RECRUITING
CYTK,"Cytokinetics,",NCT07054073,HCMR Re-Imaging Study,,RECRUITING
CYTK,"Cytokinetics,",NCT06412666,A Study to Evaluate the Effect of Aficamten in Pediatric Patients With Symptomatic Obstructive Hypertrophic Cardiomyopathy (oHCM).,"PHASE2, PHASE3",RECRUITING
CYTK,"Cytokinetics,",NCT06793371,"AMBER-HFpEF: Assessment of CK-4021586 in a Multi-Center, Blinded Evaluation of Safety and Tolerability Results in HFpEF",PHASE2,RECRUITING
HALO,Halozyme Therapeutics,NCT06689085,"52 Week Study + 24-Month Long-Term Extension of Safety, PK, & Efficacy of XYOSTED® for Testosterone Replacement in Male Adolescents With Hypogonadism",PHASE3,RECRUITING
IBRX,ImmunityBio,NCT06800963,ResQ133A-NMIBC: Intravesical Recombinant Mycobacterium (rMBCG) in Participants With NMIBC Eligible to Receive Intravesical Tice BCG,"PHASE1, PHASE2",RECRUITING
IBRX,ImmunityBio,NCT06765902,Immunotherapy Before and After Surgery,PHASE2,NOT_YET_RECRUITING
IBRX,ImmunityBio,NCT07488884,"Open-Label, Phase 1 Clinical Trial of Neoadjuvant Nogapendekin Alfa Inbakicept, Sotevtamab, and Zabadinostat in Combination With Gemcitabine and Nab-Paclitaxel for Participants With Borderline Resectable or Locally Advanced Pancreatic Cancer",PHASE1,NOT_YET_RECRUITING
IBRX,ImmunityBio,NCT06710288,"A Phase 2, Open-label, Single-arm Study Of Autologous M-CENK Adoptive Cell Therapy And N-803 (IL-15 Superagonist) In Combination With Gemcitabine In Participants With Recurrent Platinum-Resistant High-Grade Ovarian Cancer",PHASE2,RECRUITING
IBRX,ImmunityBio,NCT06829823,Clinical Trial of Ablation Therapy in Participants With Intermediate-Risk Non-Muscle Invasive Papillary Bladder Cancer,PHASE2,NOT_YET_RECRUITING
IBRX,ImmunityBio,NCT06334991,Study for Subjects With Relapsed/Refractory Non-Hodgkin Lymphoma,PHASE1,RECRUITING
IBRX,ImmunityBio,NCT07123727,A Study to Examine Anktiva for the Treatment of COVID-19.,PHASE2,RECRUITING
IBRX,ImmunityBio,NCT06061809,N-803 and PD-L1 t-haNK Combined With Bevacizumab for Recurrent or Progressive Glioblastoma,PHASE2,RECRUITING
IBRX,ImmunityBio,NCT05618925,Study for Subjects With Relapsed/Refractory Non- Hodgkin Lymphoma,PHASE1,RECRUITING
IBRX,ImmunityBio,NCT06239220,"PD-L1 t-haNK, NAI IL-15sa and Cetuximab for Recurrent, Metastatic HNSCC",PHASE2,RECRUITING
IBRX,ImmunityBio,NCT06765954,"Immunotherapy With N 803, ETBX-071, and M-CENK in Combination With Radiation for Participants With High-Risk Prostate Cancer.",PHASE2,NOT_YET_RECRUITING
IBRX,ImmunityBio,NCT07108036,A Study to Assess Anktiva in Patients With Long Covid-19.,PHASE2,RECRUITING
IBRX,ImmunityBio,NCT07477366,Study of CD19 t-haNK and NAI With Rituximab in Participants With Indolent Non-Hodgkin Lymphoma,PHASE2,NOT_YET_RECRUITING
IBRX,ImmunityBio,NCT06745908,ResQ201A: Clinical Trial Of N-803 Plus TISLELIZUMAB And DOCETAXEL Versus DOCETAXEL Monotherapy In Participants With Advanced Or Metastatic Non-Small Cell Lung Cancer,PHASE3,RECRUITING
IBRX,ImmunityBio,NCT07355205,First-Line Ipilimumab Plus Nivolumab and Nogapendekin Alfa Inbakicept (N-803) in Patients With Stage IV or Recurrent Non-Small Cell Lung Cancer,PHASE2,NOT_YET_RECRUITING
IBRX,ImmunityBio,NCT07492888,Nogapendekin Alfa-Inbakicept and iNKT Cells for Critically Ill Adults With Severe Community-Acquired Pneumonia (With or Without Sepsis/ARDS),PHASE2,NOT_YET_RECRUITING
IBRX,ImmunityBio,NCT07492875,Study of Nogapendekin Alfa Inbakicept and iNKT Cells in Critically Ill Adults With Severe Community-Acquired Pneumonia,PHASE3,NOT_YET_RECRUITING
IBRX,ImmunityBio,NCT07125872,Study of Relapsed/ Refractory B-cell Non- Hodgkin Lymphoma,PHASE2,RECRUITING
KRYS,Krystal Biotech,NCT06999733,A Study Comparing KB801 Verse Placebo in Patients With Stage 2 or 3 Neurotrophic Keratitis,"PHASE1, PHASE2",RECRUITING
KRYS,Krystal Biotech,NCT06228326,A Study Assessing KB707 for the Treatment of Advanced Solid Tumor Malignancies Affecting the Lungs,"PHASE1, PHASE2",RECRUITING
KRYS,Krystal Biotech,NCT06563414,A Natural History Study of Corneal Abrasions in Patients With Dystrophic Epidermolysis Bullosa (DEB),,RECRUITING
KRYS,Krystal Biotech,NCT05970497,A Study Assessing KB707 for the Treatment of Locally Advanced or Metastatic Solid Tumors,"PHASE1, PHASE2",RECRUITING
KRYS,Krystal Biotech,NCT04917887,Long-Term Follow-up Protocol,,RECRUITING
KRYS,Krystal Biotech,NCT06049082,A Study of KB408 for the Treatment of Alpha-1 Antitrypsin Deficiency,PHASE1,RECRUITING
KRYS,Krystal Biotech,NCT05504837,A Study Assessing KB407 for the Treatment of Cystic Fibrosis,PHASE1,RECRUITING
KRYS,Krystal Biotech,NCT07016750,A Study Comparing KB803 and Matched Placebo in Patients With Dystrophic Epidermolysis Bullosa,PHASE3,RECRUITING
MTSR,Metsera,NCT07311850,Efficacy and Safety of MET097 Once-Weekly in People With Overweight or Obesity,PHASE3,RECRUITING
MTSR,Metsera,NCT06924320,A Study of MET233 in Combination With MET097 in Individuals With Obesity or Overweight With or Without Diabetes,"PHASE1, PHASE2",RECRUITING
KYMR,Kymera Therapeutics,NCT07412288,First-in-human Study of Orally Administered KT-579 in Healthy Adult Participants,PHASE1,RECRUITING
KYMR,Kymera Therapeutics,NCT07217015,A Study of KT-621 Administered Orally to Participants With Moderate to Severe Atopic Dermatitis,PHASE2,RECRUITING
KYMR,Kymera Therapeutics,NCT07323654,A Study of KT-621 Administered Orally to Adult Participants With Moderate to Severe Eosinophilic Asthma,PHASE2,RECRUITING
ACLX,Arcellx,NCT06626919,A Phase 1 Study of Anitocabtagene Autoleucel for the Treatment of Subjects With Non-oncology Plasma Cell-related Diseases,PHASE1,RECRUITING
ACLX,Arcellx,NCT06413498,A Study Comparing Anitocabtagene Autoleucel to Standard of Care Therapy in Participants With Relapsed/ Refractory Multiple Myeloma,PHASE3,RECRUITING
PTGX,Protagonist Therapeutics,NCT07153146,"Safety, Tolerability, Pharmacokinetics, and Pharmacodynamics of PN-881 in Healthy Subjects.",PHASE1,RECRUITING
APGE,Apogee Therapeutics,NCT07003425,A Long-term Safety and Efficacy Study Evaluating APG777 in Atopic Dermatitis,PHASE2,RECRUITING
COGT,Cogent Biosciences,NCT04996875,(Apex) Bezuclastinib in Patients With Advanced Systemic Mastocytosis,PHASE2,RECRUITING
COGT,Cogent Biosciences,NCT07383506,"A Study of Mutant Selective-Inhibitor (CGT6297), in Patients With Advanced Solid Tumors",PHASE1,NOT_YET_RECRUITING
COGT,Cogent Biosciences,NCT06777316,A Study of an FGFR2/3 Inhibitor (CGT4859) in Patients With Cholangiocarcinoma and Other Advanced Solid Tumors,"PHASE1, PHASE2",RECRUITING
COGT,Cogent Biosciences,NCT07361562,"A Study of a Selective ERBB2 Inhibitor (CGT4255), in Patients With Advanced Solid Tumors",PHASE1,RECRUITING
CELC,Celcuity,NCT06757634,"Phase 3 Study of Gedatolisib as First-Line Treatment for Patients With HR-Positive, HER2-Negative Advanced Breast Cancer (VIKTORIA-2)",PHASE3,RECRUITING
CELC,Celcuity,NCT03675893,"RESOLVE: Abemaciclib + Letrozole +/- Metformin, Zotatifin, or Gedatolisib in Endometrial or Low-Grade Serous Ovarian Cancer",PHASE2,RECRUITING
CELC,Celcuity,NCT06190899,Gedatolisib in Combination With Darolutamide in Metastatic Castration-Resistant Prostate Cancer,"PHASE1, PHASE2",RECRUITING
MIRM,Mirum Pharmaceuticals,NCT07290257,Long-Term Low-Intervention SafEty and Clinical Outcomes Clinical Study of LivmArli® in Patients With Alagille Syndrome in the European Union (LEAP-EU),PHASE4,RECRUITING
MIRM,Mirum Pharmaceuticals,NCT07411716,Pediatric Evaluation and Registry for Liver Cholestasis in Canada,,NOT_YET_RECRUITING
MIRM,Mirum Pharmaceuticals,NCT05050136,A Study to Evaluate Efficacy and Safety of an Investigational Drug Named Volixibat in Patients With Itching Caused by Primary Biliary Cholangitis,PHASE2,RECRUITING
MIRM,Mirum Pharmaceuticals,NCT07454837,Phase 2b/3 Study to Evaluate Switching to Brelovitug for the Treatment of CHD in Participants Receiving Bulevirtide,"PHASE2, PHASE3",RECRUITING
MIRM,Mirum Pharmaceuticals,NCT06193928,Long-Term SafEty and Clinical Outcomes of LivmArli in Patients in the United States (LEAP-US),,RECRUITING
MIRM,Mirum Pharmaceuticals,NCT07209462,Study of MRM-3379 in Male Participants With Fragile X Syndrome (BLOOM),PHASE2,RECRUITING
MIRM,Mirum Pharmaceuticals,NCT07200908,A Trial Evaluating Brelovitug (BJT-778) vs Bulevirtide for the Treatment of Chronic Hepatitis Delta Infection (AZURE-2),PHASE3,RECRUITING
MIRM,Mirum Pharmaceuticals,NCT07298330,A Trial Evaluating Brelovitug vs Delayed Treatment for the Treatment of Chronic Hepatitis Delta Infection (AZURE-4),PHASE3,RECRUITING
MIRM,Mirum Pharmaceuticals,NCT07389031,Maralixibat for Intrahepatic Cholestasis of Pregnancy,PHASE2,NOT_YET_RECRUITING
RYTM,Rhythm Pharmaceuticals,NCT06239116,A Study of RM-718 in Healthy Subjects and Patients With MC4R Pathway Impairment,"PHASE1, PHASE2",RECRUITING
RYTM,Rhythm Pharmaceuticals,NCT06420622,INDIcators for Clarifying the bAckground of exTreme Obesity in childRen,,RECRUITING
RYTM,Rhythm Pharmaceuticals,NCT06760546,A Trial of Setmelanotide in Patients With Congenital Hypothalamic Obesity (Sub-study of NCT05774756),PHASE3,RECRUITING
PTCT,PTC Therapeutics,NCT06302348,A Study of Sepiapterin in Participants With Phenylketonuria (PKU),PHASE3,RECRUITING
PTCT,PTC Therapeutics,NCT04014530,Pembrolizumab With Ataluren in Patients With Metastatic pMMR and dMMR Colorectal Carcinoma or Metastatic dMMR Endometrial Carcinoma: the ATAPEMBRO Study,"PHASE1, PHASE2",RECRUITING
CGON,CG Oncology,NCT06567743,Phase 2 Study to Evaluate Safety and Efficacy of Cretostimogene Grenadenorepvec in High-Risk NMIBC,PHASE2,RECRUITING
XENE,Xenon Pharmaceuticals,NCT05716100,A Randomized Study of XEN1101 Versus Placebo in Focal-Onset Seizures (X-TOLE3),PHASE3,RECRUITING
XENE,Xenon Pharmaceuticals,NCT07172516,A Randomized Study of Azetukalner Versus Placebo in Depressive Episodes Associated With Bipolar I or II Disorder (Bipolar Depression),PHASE3,RECRUITING
XENE,Xenon Pharmaceuticals,NCT06775379,A Randomized Study of Azetukalner Versus Placebo in Major Depressive Disorder,PHASE3,RECRUITING
XENE,Xenon Pharmaceuticals,NCT07076407,A Randomized Study of Azetukalner Versus Placebo in Major Depressive Disorder (X-NOVA3),PHASE3,RECRUITING
XENE,Xenon Pharmaceuticals,NCT05667142,A Study to Evaluate XEN1101 as Adjunctive Therapy in Primary Generalized Tonic-Clonic Seizures,PHASE3,RECRUITING
TGTX,TG Therapeutics,NCT06143514,A Study Evaluating the Presence and Concentration of BRIUMVI™ (Ublituximab) in Breast Milk,,RECRUITING
TGTX,TG Therapeutics,NCT07220252,Study to Assess Effects of Ublituximab in Pediatric Participants With Relapsing Forms of Multiple Sclerosis,"PHASE2, PHASE3",NOT_YET_RECRUITING
TGTX,TG Therapeutics,NCT06864936,Exploration of Novel Imaging Biomarkers on OCT for Ublituximab Treatment Response in Multiple Sclerosis,NA,NOT_YET_RECRUITING
TGTX,TG Therapeutics,NCT05877963,"Study to Evaluate Safety, Efficacy and Pharmacokinetics (PK) of a Modified Regimen of Ublituximab",PHASE3,RECRUITING
TGTX,TG Therapeutics,NCT07389590,Study of Ublituximab for Ocrelizumab Wearing-Off in Multiple Sclerosis,PHASE4,NOT_YET_RECRUITING
TGTX,TG Therapeutics,NCT06433752,A Study Evaluating the Real World Experience of Participants Treated With BRIUMVI® (Ublituximab-xiiy) for Relapsing Multiple Sclerosis (RMS),,RECRUITING
TGTX,TG Therapeutics,NCT07225361,Ublituximab (Briumvi) for Early Forms of Relapsing Multiple Sclerosis,PHASE4,RECRUITING
TGTX,TG Therapeutics,NCT06680037,A Study to Assess the Safety and Clinical Activity of Azer-cel in Participants With B-cell Mediated Autoimmune Disorders,PHASE1,RECRUITING
TGTX,TG Therapeutics,NCT07211633,"A Study to Evaluate the Pharmacokinetics, Pharmacodynamics, Safety, Radiological and Clinical Effects of Subcutaneous Ublituximab in Participants With Relapsing Multiple Sclerosis (RMS)",PHASE3,RECRUITING
TGTX,TG Therapeutics,NCT07103746,Ublituximab in Autoantibody Positive Immune Mediated Necrotizing Myopathy,PHASE2,RECRUITING
TGTX,TG Therapeutics,NCT06433765,A Study Evaluating the Effect of BRIUMVI® (Ublituximab) on Pregnancy and Infant Outcomes in Participants With Multiple Sclerosis (MS),,RECRUITING
TGTX,TG Therapeutics,NCT07503873,A Study to Evaluate Pharmacokinetics (PK) and Safety of Subcutaneous (SC) Ublituximab Administered at Various Injection Sites and Relative Bioavailability Via Autoinjector (AI) Versus Syringe Subcutaneously in Participants With Multiple Sclerosis (MS),PHASE2,NOT_YET_RECRUITING
CAI,Caris Life Sciences,NCT03870620,Metastatic Breast Cancer in Austria,,RECRUITING
ERAS,Erasca,NCT06983743,A Study of ERAS-0015 in Patients With Advanced or Metastatic Solid Tumors,PHASE1,RECRUITING
ERAS,Erasca,NCT07021898,A Study of ERAS-4001 in Patients With Advanced or Metastatic Solid Tumors.,PHASE1,RECRUITING
IMVT,Immunovant,NCT06979531,Efficacy and Safety of IMVT-1402 in Adult Participants With Primary Sjogren's Disease With Moderate to Severe Systemic Disease Activity,PHASE2,RECRUITING
IMVT,Immunovant,NCT06980805,"A Study to Assess the Safety, Tolerability, and Efficacy of IMVT-1402 in Participants With Cutaneous Lupus Erythematosus (CLE)",PHASE2,RECRUITING
IMVT,Immunovant,NCT07018323,"A Study to Assess the Efficacy, Safety, and Tolerability of IMVT-1402 as Treatment for Adult Participants With Graves' Disease",PHASE2,RECRUITING
IMVT,Immunovant,NCT07039916,Study to Assess the Efficacy and Safety of IMVT-1402 in Participants With Mild to Severe Generalized Myasthenia Gravis,PHASE3,RECRUITING
IMVT,Immunovant,NCT07032662,IMVT-1402 in Adult Participants With Chronic Inflammatory Demyelinating Polyneuropathy (CIDP),PHASE2,RECRUITING
IMVT,Immunovant,NCT06727604,"A Study to Assess the Efficacy, Safety, and Tolerability of IMVT-1402 as Treatment for Adult Participants With Graves' Disease",PHASE2,RECRUITING
APLS,Apellis Pharmaceuticals,NCT07020832,A Phase 3 Study to Evaluate the Efficacy and Safety of Pegcetacoplan in Adults at High Risk of Delayed Graft Function (DGF) Following Kidney Allograft Transplantation,PHASE3,RECRUITING
APLS,Apellis Pharmaceuticals,NCT07213960,A Sequential Phase 2/3 Study of APL2 in Patients With Focal Segmental Glomerulosclerosis,"PHASE2, PHASE3",NOT_YET_RECRUITING
APLS,Apellis Pharmaceuticals,NCT07215390,"A Phase 2, Randomized, Placebo Controlled, Multicenter, Masked Study to Evaluate the Efficacy, Safety, Tolerability, and Pharmacodynamics of Multidose APL 3007 in Combination With Syfovre/Pegcetacoplan (APL-2) in Patients Diagnosed With Geographic Atrophy Secondary to Age Related Macular Degeneratio",PHASE2,RECRUITING
APLS,Apellis Pharmaceuticals,NCT04901936,A Study of Pegcetacoplan in Pediatric Patients With Paroxysmal Nocturnal Hemoglobinuria (PNH),PHASE2,RECRUITING
CRSP,CRISPR Therapeutics AG,NCT05565248,"An Open-Label, FIH Study Evaluating the Safety, Tolerability, and Efficacy of VCTX211 Combination Product in Subjects With T1D","PHASE1, PHASE2",RECRUITING
CRSP,CRISPR Therapeutics AG,NCT07491172,A Safety and Tolerability Trial Evaluating CTX310 in Participants With Refractory Dyslipidemias,PHASE1,RECRUITING
CRSP,CRISPR Therapeutics AG,NCT05643742,A Safety and Efficacy Study Evaluating CTX112 in Subjects With Relapsed or Refractory B-Cell Malignancies,"PHASE1, PHASE2",RECRUITING
DNTH,Dianthus Therapeutics,NCT06537999,A Clinical Study to Evaluate DNTH103 in Adults With Multifocal Motor Neuropathy,PHASE2,RECRUITING
DNTH,Dianthus Therapeutics,NCT06858579,A Study to Evaluate the Efficacy and Safety of DNTH103 in Adults With Chronic Inflammatory Demyelinating Polyneuropathy (CAPTIVATE),PHASE3,RECRUITING
FOLD,Amicus Therapeutics,NCT06904261,A Study of Migalastat in Pediatric Subjects (2 to <12 Yrs) With Fabry Disease and Amenable GLA Variants,PHASE3,RECRUITING
FOLD,Amicus Therapeutics,NCT04808505,"A Study to Evaluate the Safety, Efficacy, PK, PD and Immunogenicity of Cipaglucosidase Alfa/Miglustat in IOPD Subjects Aged 0 to <18",PHASE3,RECRUITING
FOLD,Amicus Therapeutics,NCT06121011,A Global Prospective Observational Registry of Patients With Pompe Disease,,RECRUITING
FOLD,Amicus Therapeutics,NCT04252066,A Global Prospective Observational Study of Women With Fabry Disease and Their Infants During Pregnancy and Breastfeeding,,RECRUITING
FOLD,Amicus Therapeutics,NCT06906367,A Study of Patients With Fabry Disease (US Specific),,RECRUITING
CORT,Corcept Therapeutics,NCT06099769,"A Study of Enzalutamide, Enzalutamide in Combination With Mifepristone, or Chemotherapy in People With Metastatic Breast Cancer",PHASE2,RECRUITING
CORT,Corcept Therapeutics,NCT06689254,REVERSE: Improving Treatment-resistant Post Traumatic Stress Disorder (PTSD) with Glucocorticoid Receptor (GR) Antagonism,PHASE2,RECRUITING
CORT,Corcept Therapeutics,NCT05407324,Dazucorilant in Patients With Amyotrophic Lateral Sclerosis,PHASE2,RECRUITING
CORT,Corcept Therapeutics,NCT07259317,Relacorilant With Nab-Paclitaxel and Gemcitabine in Patients With Metastatic Pancreatic Adenocarcinoma,PHASE2,RECRUITING
CORT,Corcept Therapeutics,NCT07276373,Two Part Study of Nenocorilant Combined With Nivolumab in Patients With Advanced Solid Malignancies,"PHASE1, PHASE2",RECRUITING
CORT,Corcept Therapeutics,NCT06947304,Evaluation of Miricorilant on Liver Fat in Patients With MASLD,PHASE1,RECRUITING
CORT,Corcept Therapeutics,NCT06906341,Relacorilant in Combination With Different Treatment Regimens in Patients With Gynecological Cancers,PHASE2,RECRUITING
CRNX,Crinetics Pharmaceuticals,NCT07129252,A Study to Investigate Safety and Effectiveness of CRN09682 in Participants With SST2-Expressing NENs and Other Solid Tumors,"PHASE1, PHASE2",RECRUITING
CRNX,Crinetics Pharmaceuticals,NCT07144163,A Study to Evaluate Atumelnant in Adults With Congenital Adrenal Hyperplasia,PHASE3,RECRUITING
CRNX,Crinetics Pharmaceuticals,NCT07159841,A Study in Pediatric Participants With Congenital Adrenal Hyperplasia (Balance-CAH),"PHASE2, PHASE3",RECRUITING
CRNX,Crinetics Pharmaceuticals,NCT07087054,Carcinoid Syndrome Efficacy Study Featuring an Oral Daily Paltusotine Regimen,PHASE3,RECRUITING
CRNX,Crinetics Pharmaceuticals,NCT06712823,An Extension Study to Evaluate Safety and Efficacy in Participants Treated With CRN04894,PHASE2,RECRUITING
CRNX,Crinetics Pharmaceuticals,NCT05804669,A Study to Evaluate the Safety and PK of CRN04894 for the Treatment of Cushing's Syndrome,"PHASE1, PHASE2",RECRUITING
LLY,Eli Lilly and Company,NCT05608252,VS-6766+Abema+Fulv in Met HR+/HER- BC,"PHASE1, PHASE2",RECRUITING
LLY,Eli Lilly and Company,NCT05723198,A Study of Baricitinib (LY3009104) in Children From 6 Years to Less Than 18 Years of Age With Alopecia Areata,PHASE3,RECRUITING
LLY,Eli Lilly and Company,NCT07346495,A Study of Remternetug (LY3372993) in Healthy Chinese Participants,PHASE1,RECRUITING
LLY,Eli Lilly and Company,NCT07339722,A Study of LY4515100 in Healthy Participants,PHASE1,RECRUITING
LLY,Eli Lilly and Company,NCT07046923,A Study of LY4175408 in Participants With Advanced Cancer,PHASE1,RECRUITING
LLY,Eli Lilly and Company,NCT07218380,A Study of Vepugratinib (LY3866288) in Participants With Cancer in the Urinary Tract,PHASE3,RECRUITING
LLY,Eli Lilly and Company,NCT06678269,A Study of Abemaciclib and Radiation Therapy in People With Metastatic Breast Cancer,PHASE1,RECRUITING
LLY,Eli Lilly and Company,NCT06972459,A Study of Orforglipron (LY3502970) in Participants With Obesity or Overweight and at Least One Weight-Related Comorbidity,PHASE3,RECRUITING
LLY,Eli Lilly and Company,NCT07165002,"A Study of the Pharmacokinetics and Safety of LY3537031 in Participants With Normal Liver Function and With Mild, Moderate, or Severe Liver Impairment",PHASE1,RECRUITING
LLY,Eli Lilly and Company,NCT06598943,A Study of Eltrekibart and Mirikizumab in Adult Patients With Moderately to Severely Active Ulcerative Colitis,PHASE2,RECRUITING
LLY,Eli Lilly and Company,NCT05501704,ETHAN - ET for Male BC,PHASE2,RECRUITING
LLY,Eli Lilly and Company,NCT07231952,"A Study of Pirtobrutinib, Venetoclax, and Rituximab in People With Waldenström's Macroglobulinemia (WM)/Lymphoplasmacytic Lymphoma (LPL)",PHASE2,RECRUITING
LLY,Eli Lilly and Company,NCT07485153,A Study to Compare Two Different Sleep Tests in Participants With No Symptoms or Early Symptoms of Alzheimer's Disease,,NOT_YET_RECRUITING
LLY,Eli Lilly and Company,NCT07219953,A Study of Brenipatide in Participants With Alcohol Use Disorder,PHASE3,RECRUITING
LLY,Eli Lilly and Company,NCT07241390,A Study of Orforglipron (LY3502970) on Cardiovascular Outcomes in Adults With Atherosclerotic Cardiovascular Disease and/or Chronic Kidney Disease (ATTAIN-Outcomes),PHASE3,RECRUITING
LLY,Eli Lilly and Company,NCT06390956,Pirtobrutinib in Combination With Rituximab in Adults With Untreated Marginal Zone Lymphoma (PIONEER-MZL),PHASE2,RECRUITING
LLY,Eli Lilly and Company,NCT06855212,Phase II Study of Neoadjuvant Cetuximab and Cemiplimab in Patients Undergoing Surgery for HNSCC,PHASE2,RECRUITING
LLY,Eli Lilly and Company,NCT06365788,Bicalutamide and Abemaciclib in Inoperable or Metastatic Androgen Receptor-positive Triple-negative Breast Cancer,PHASE2,RECRUITING
LLY,Eli Lilly and Company,NCT06952530,A Master Protocol Study of Orforglipron (LY3502970) in Participants With Hypertension and Obesity or Overweight (ATTAIN-Hypertension) GZL2,PHASE3,RECRUITING
LLY,Eli Lilly and Company,NCT07174336,A Study of Tersolisib (LY4064809/STX-478) With Other Anti-Cancer Treatments in Participants With Advanced Breast Cancer With a Genetic Change (PIK3CA),PHASE3,RECRUITING
LLY,Eli Lilly and Company,NCT06876662,A Study of (LY3527727) Pirtobrutinib in Participants With Previously Treated Chronic Lymphocytic Leukemia/Small Lymphocytic Lymphoma or Non-Hodgkin Lymphoma,PHASE4,RECRUITING
LLY,Eli Lilly and Company,NCT03310879,Study of the CDK4/6 Inhibitor Abemaciclib in Solid Tumors Harboring Genetic Alterations in Genes Encoding D-Type Cyclins or Amplification of CDK4 or CDK6,PHASE2,RECRUITING
LLY,Eli Lilly and Company,NCT07286175,A Study of Brenipatide in Adult Participants With Bipolar Disorder (RENEW-Bipolar-1),PHASE2,RECRUITING
LLY,Eli Lilly and Company,NCT07415044,LY4268989 in Adults With Moderately to Severely Active Ulcerative Colitis,PHASE2,NOT_YET_RECRUITING
LLY,Eli Lilly and Company,NCT06948435,A Master Protocol Study of Orforglipron (LY3502970) in Participants With Hypertension and Obesity or Overweight (ATTAIN-Hypertension) GZL1,PHASE3,RECRUITING
LLY,Eli Lilly and Company,NCT06458036,Selpercatinib Pre-RAI in Patients With RET Fusion Thyroid Cancer (RAISE),PHASE2,RECRUITING
LLY,Eli Lilly and Company,NCT06797310,Evaluating the Effectiveness and Tolerance of Baricitinib in the Treatment of Acute Alopecia Areata With Active Hair Shedding: A Prospective Open-Label Study,PHASE2,NOT_YET_RECRUITING
LLY,Eli Lilly and Company,NCT06148272,A Study of LY3971297 in Healthy Participants,PHASE1,RECRUITING
LLY,Eli Lilly and Company,NCT06252675,Glofitamab With Pirtobrutinib for Relapsed or Refractory Mantle Cell Lymphoma,PHASE2,RECRUITING
LLY,Eli Lilly and Company,NCT07225556,A Study of LY4167586 in Participants With Obesity or Overweight Who Are Otherwise Healthy,PHASE1,RECRUITING
LLY,Eli Lilly and Company,NCT07258849,A Study of LY4213663 in Healthy Participants and Participants With Rheumatoid Arthritis,PHASE1,RECRUITING
LLY,Eli Lilly and Company,NCT07021547,A Study of LY3867070 in Healthy Participants,PHASE1,RECRUITING
LLY,Eli Lilly and Company,NCT02622581,"Clinical Research Platform Into Molecular Testing, Treatment and Outcome of (Non-)Small Cell Lung Carcinoma Patients",,RECRUITING
LLY,Eli Lilly and Company,NCT07213791,A Study of LY4337713 in Participants With FAP-Positive Solid Tumors,PHASE1,RECRUITING
LLY,Eli Lilly and Company,NCT07254234,A Study of Retinal Imaging to Detect Abnormal Protein Deposits Associated With Alzheimer's Disease,,NOT_YET_RECRUITING
LLY,Eli Lilly and Company,NCT06025747,Evaluation of Abemaciclib and Radiation Therapy Before Surgery for the Treatment of High-Risk Adipocytic Retroperitoneal Sarcoma,PHASE1,RECRUITING
LLY,Eli Lilly and Company,NCT04956640,Study of LY3537982 in Cancer Patients With a Specific Genetic Mutation (KRAS G12C),"PHASE1, PHASE2",RECRUITING
LLY,Eli Lilly and Company,NCT06588478,A Study Evaluating the Efficacy and Safety of Pirtobrutinib in Participants With Relapsed or Refractory Chronic Lymphocytic Leukemia/Small Lymphocytic Lymphoma,PHASE2,RECRUITING
LLY,Eli Lilly and Company,NCT06937086,Mirikizumab Administered at the Same Time as Tirzepatide in Adult Participants With Moderately to Severely Active Ulcerative Colitis and Obesity or Overweight: Phase 3b Study,PHASE3,RECRUITING
LLY,Eli Lilly and Company,NCT07321886,"A Study of Eloralintide (LY3841136) in Participants With Obesity, or Overweight Without Type 2 Diabetes",PHASE3,RECRUITING
LLY,Eli Lilly and Company,NCT07100119,A Study of LY4256984 in Participants With Sporadic Amyotrophic Lateral Sclerosis,PHASE1,RECRUITING
LLY,Eli Lilly and Company,NCT07285018,A Chronic Pain Master Protocol (CPMP): A Study of LY4065967 in Participants With Diabetic Peripheral Neuropathic Pain,PHASE2,RECRUITING
LLY,Eli Lilly and Company,NCT07519525,A Study of [14C]-LY4064809 in Healthy Participants,PHASE1,RECRUITING
LLY,Eli Lilly and Company,NCT03275311,Evolution of the Therapeutic Care in Metastatic Breast Cancer From 2008,,RECRUITING
LLY,Eli Lilly and Company,NCT07426380,A Study of Eloralintide (LY3841136) in Participants With Renal Impairment and in Participants With Normal Renal Function,PHASE1,RECRUITING
LLY,Eli Lilly and Company,NCT02925234,The Drug Rediscovery Protocol (DRUP Trial),PHASE2,RECRUITING
LLY,Eli Lilly and Company,NCT07287098,A Study of Imlunestrant (LY3484356) in Premenopausal Women With Estrogen Receptor-Positive (ER+) Human Epidermal Growth Factor Receptor 2 Negative (HER2-) Early Breast Cancer,PHASE2,NOT_YET_RECRUITING
LLY,Eli Lilly and Company,NCT07511816,A Study of LY4515100 in Participants With Pain Following Third Molar Removal,PHASE2,NOT_YET_RECRUITING
LLY,Eli Lilly and Company,NCT06810544,Safety and Tolerability of TNG456 Alone and in Combination With Abemaciclib in Patients With Solid Tumors With MTAP Loss,"PHASE1, PHASE2",RECRUITING
LLY,Eli Lilly and Company,NCT07215312,A Study of LY3938577 in Participants With Type 2 Diabetes Previously Treated With Basal Insulin,PHASE2,RECRUITING
JNJ,Johnson & Johnson,NCT06965504,INitiation and Titration of Guideline Directed Medical TheRApy in HearT Failure Cardiogenic Shock With ImpElla 5.5 for Cardiac Recovery,NA,NOT_YET_RECRUITING
JNJ,Johnson & Johnson,NCT07144384,Intratumoral Injection of Standard Universal Donor Expanded Natural Killer Cells and TGF-beta Imprinted Natural Killer Cells for the Treatment of Skin Squamous Cell Carcinoma and Basal Cell Carcinoma,EARLY_PHASE1,RECRUITING
JNJ,Johnson & Johnson,NCT05972135,Outpatient Administration of Teclistamab or Talquetamab for Multiple Myeloma,PHASE2,RECRUITING
JNJ,Johnson & Johnson,NCT06433271,Transdiagnostic Behavior Therapy Vs TAU for Adjustment Disorder Following Traumatic Event Exposure,NA,RECRUITING
JNJ,Johnson & Johnson,NCT06993675,Engaging T-cells to Eliminate MRD in Newly Diagnosed Myeloma Optimizing Response With Talquetmab and Teclistamab (ROTATE),PHASE2,RECRUITING
JNJ,Johnson & Johnson,NCT06614829,Patient Reported Experiences and Outcomes Associated with Standard C-Section Wound Closure Versus STRATAFIX/DERMABOND PRINEO Wound Closure (CS-PREO),NA,RECRUITING
JNJ,Johnson & Johnson,NCT06643741,Non-Invasive Preeclampsia Screening and Biobank,,RECRUITING
JNJ,Johnson & Johnson,NCT07030517,A Study to Assess Safety of Teclistamab in Indian Participants With Relapsed and Refractory Multiple Myeloma,PHASE4,RECRUITING
JNJ,Johnson & Johnson,NCT06311578,"A Study of JNJ-87704916, as Monotherapy and in Combination for Advanced Solid Tumors",PHASE1,RECRUITING
JNJ,Johnson & Johnson,NCT05669170,Methylphenidate for Apathy in Veterans With Parkinson's Disease,PHASE2,NOT_YET_RECRUITING
JNJ,Johnson & Johnson,NCT07141004,A Study of Guselkumab Administered Subcutaneously in Treatment of Indian Participants With Psoriatic Arthritis (PsA),PHASE4,RECRUITING
JNJ,Johnson & Johnson,NCT07065760,"University of Utah PS-IDE: Physician Modified Endovascular Grafts for the Treatment of Elective, Symptomatic or Ruptured Juxtarenal Aortic Aneurysms",NA,NOT_YET_RECRUITING
JNJ,Johnson & Johnson,NCT04892173,JNJ-90301900 (NBTXR3) Activated by Radiotherapy With or Without Cetuximab in LA-HNSCC,PHASE3,RECRUITING
JNJ,Johnson & Johnson,NCT05256940,Motivational Interviewing to Address Suicidal Ideation for Veterans at High Risk for Suicide,NA,RECRUITING
JNJ,Johnson & Johnson,NCT07498192,Thai Baby Study Phase 1,,NOT_YET_RECRUITING
JNJ,Johnson & Johnson,NCT07513506,Extensively Hydrolyzed Formula Growth Monitioring Study (GMS),NA,NOT_YET_RECRUITING
JNJ,Johnson & Johnson,NCT06682949,"Daily Routines, Executive Functioning & ADHD",NA,RECRUITING
JNJ,Johnson & Johnson,NCT07105059,A Study of Teclistamab and Mezigdomide in People With Multiple Myeloma,PHASE1,RECRUITING
JNJ,Johnson & Johnson,NCT06740487,Advanced Wireless Augmented Reality-Enhanced Exposure Therapy for Posttraumatic Stress Disorder,NA,RECRUITING
JNJ,Johnson & Johnson,NCT05106296,Chemo-immunotherapy Using Ibrutinib Plus Indoximod for Patients With Pediatric Brain Cancer,PHASE1,RECRUITING
JNJ,Johnson & Johnson,NCT06591741,PCA Administration in Prosthetic Joint Infection,NA,NOT_YET_RECRUITING
JNJ,Johnson & Johnson,NCT02390973,Surgery Versus Best Medical Management for the Long Term Remission of Type 2 Diabetes and Related Diseases (REMISSION),NA,RECRUITING
JNJ,Johnson & Johnson,NCT06866782,European Registry of Next Generation Imaging in Advanced Prostate Cancer,,RECRUITING
JNJ,Johnson & Johnson,NCT05651945,Cardiac Rehabilitation of Stroke Survivors (SRP-CROSS),NA,RECRUITING
JNJ,Johnson & Johnson,NCT07511166,A Study of Varipulse Catheter in Participants With Paroxysmal Atrial Fibrillation Under Optimized Sedation,,NOT_YET_RECRUITING
JNJ,Johnson & Johnson,NCT06941415,Bumetanide vs. Furosemide in Cirrhosis,PHASE3,NOT_YET_RECRUITING
JNJ,Johnson & Johnson,NCT06670404,Prospective Evaluation of Therapeutic Combination in Treating Vertebral Compression Fractures,,RECRUITING
JNJ,Johnson & Johnson,NCT02620852,Women Informed to Screen Depending on Measures of Risk (Wisdom Study),NA,RECRUITING
JNJ,Johnson & Johnson,NCT07507409,Innovative Sternal Closure Techniques: Evaluating STRATAFIX™ and DERMABOND™ for Reduced Complications in CABG Patients,PHASE4,NOT_YET_RECRUITING
JNJ,Johnson & Johnson,NCT06667908,A Study of JNJ-90301900 in Combination With Chemoradiation Followed by Consolidation Immunotherapy for Non-Small Cell Lung Cancer (NSCLC),PHASE2,RECRUITING
JNJ,Johnson & Johnson,NCT07354217,Workflow Optimization During Pulse Field Ablation for Atrial Fibrillation,PHASE4,NOT_YET_RECRUITING
JNJ,Johnson & Johnson,NCT07324200,Objective Assessment of Intraocular Lens Tilt and Decentration,,RECRUITING
JNJ,Johnson & Johnson,NCT04421573,Cervical Plexus Hydrodissection With D5W for PTSD,NA,RECRUITING
JNJ,Johnson & Johnson,NCT06116786,A Study of JNJ-86974680 in Participants With Advanced Non-small Cell Lung Cancer,PHASE1,RECRUITING
JNJ,Johnson & Johnson,NCT06665295,THRIVE-CAR-T Digital App,NA,RECRUITING
JNJ,Johnson & Johnson,NCT06658574,Oral Acetaminophen for Post-Op Pain Management in Bariatric Surgery Patients,PHASE2,RECRUITING
JNJ,Johnson & Johnson,NCT06085586,Fibulink Syndesmosis Repair System With Early Full-Weight Bearing,NA,RECRUITING
JNJ,Johnson & Johnson,NCT06763432,Positive Fit to Colonoscopy: Closing the Gap,,RECRUITING
JNJ,Johnson & Johnson,NCT07075510,Subcutaneous Daratumumab Administration in the Thigh Vs Abdomen in Plasma Cell Disorders,"PHASE1, PHASE2",RECRUITING
JNJ,Johnson & Johnson,NCT06353711,Caring Connections Youth Suicide Detection and Intervention Study,NA,RECRUITING
JNJ,Johnson & Johnson,NCT04370496,Safety of Minimally Invasive Surgery Using Endoscopic Stapler in Early Stage Cervical Cancer Patients (SOLUTION),NA,RECRUITING
JNJ,Johnson & Johnson,NCT06510205,The Study is an Oberservational Post-market Follow-up Program to Evaluate Long Term(5 Years) Safety of Mentor Breast Implants in Chinese Population.,,RECRUITING
JNJ,Johnson & Johnson,NCT06602661,Reinforced and Non-Reinforced Staple Lines in Fissureless Lobectomy,PHASE1,NOT_YET_RECRUITING
JNJ,Johnson & Johnson,NCT07219212,A Study of JNJ-90301900 in Combination With Chemoradiation Therapy in Participants With Locally Advanced Head and Neck Squamous Cell Carcinoma,PHASE1,RECRUITING
JNJ,Johnson & Johnson,NCT07055139,Digital Aftercare for Wrist and Clavicle Fractures,NA,NOT_YET_RECRUITING
JNJ,Johnson & Johnson,NCT07213167,Clinical Evaluation of Low Contrast Visual Performance and Low Light Phenomena in Patients With Various Intraocular Lens Implants,,RECRUITING
JNJ,Johnson & Johnson,NCT07443215,Evaluation of Effect of Scatter on Visual Performance,NA,RECRUITING
JNJ,Johnson & Johnson,NCT06591728,PCA Loading Time Before Knee Prosthetic Joint Infection Revision,NA,NOT_YET_RECRUITING
JNJ,Johnson & Johnson,NCT07225101,Evaluation of the Efficacy of STRATAFIX for Neurosurgical Cranial and Spine Procedures,PHASE4,RECRUITING
JNJ,Johnson & Johnson,NCT06173713,Emphasys Radiostereometric Analysis,NA,RECRUITING
ABBV,AbbVie,NCT06125795,A Study to Assess Change in Functioning and Health Related Quality of Life in Adult Participants With Chronic Lymphocytic Leukemia (CLL) Receiving Oral Treatments in Routine Clinical Practice in Spain,,RECRUITING
ABBV,AbbVie,NCT06890338,"A Study to Assess Anti-Tumor Activity of Intravenously (IV) Infused Carboplatin With Mirvetuximab Soravtansine in Participants With Newly Diagnosed Folate Receptor Alpha (FRα)Expressing Advanced-Stage Serous Epithelial Ovarian, Fallopian Tube or Primary Peritoneal Cancer.",PHASE2,RECRUITING
ABBV,AbbVie,NCT05821855,A Study to Evaluate Adverse Events and Change in Disease Activity With the XEN45 Glaucoma Treatment System Implantation In Adult Participants With Open-Angle Glaucoma in China,PHASE4,RECRUITING
ABBV,AbbVie,NCT07365241,A Study to Evaluate Adverse Events and Change in Disease Activity of Intravenous ABBV-706 Versus Standard of Care in Adult Participants With Relapsed/Refractory Small Cell Lung Cancer,PHASE3,NOT_YET_RECRUITING
ABBV,AbbVie,NCT06477159,Pancreatic Enzyme Replacement Therapy for Acute Pancreatitis-Associated Exocrine Pancreatic Insufficiency,PHASE4,RECRUITING
ABBV,AbbVie,NCT07278336,"A Study to Assess Adverse Events, Change in Disease Activity and How Intravenous (IV) ABBV901 Moves Through the Body Alone or in Combination With Bevacizumab in Adult Participants With Ovarian Cancer",PHASE1,RECRUITING
ABBV,AbbVie,NCT07502417,A Phase 1 Study to Assess the Effect of ABBV-722 on Ethinyl Estradiol and Levonorgestrel Drug Levels in Healthy Adult Female Participants,PHASE1,RECRUITING
ABBV,AbbVie,NCT06417775,Study of Oral Ubrogepant to Assess Adverse Events and Change in Disease Activity in Adult Participants With Menstrual Migraine,PHASE3,RECRUITING
ABBV,AbbVie,NCT00404989,Antiretroviral Pregnancy Registry (APR): Multi-sponsor Registry to Detect Any Major Teratogenic Effect Involving Any of the Registry Drugs When Administered to Pregnant People.,,RECRUITING
ABBV,AbbVie,NCT06660693,Comparison of Medical RESCUE Strategies for Patients With Steroid-refractory Acute Severe Ulcerative Colitis,PHASE3,RECRUITING
ABBV,AbbVie,NCT06414148,MRD-Directed Consolidation With Epcor-only or Epcor-R2 Post Anti-CD19 CAR TCell Therapy for Large B-Cell Lymphoma,PHASE2,RECRUITING
ABBV,AbbVie,NCT06931652,Study of Epcoritamab in R/R Primary Diffuse Large B-cell Lymphoma of the CNS Treated With Lenalidomide and Rituximab,PHASE2,RECRUITING
ABBV,AbbVie,NCT05833438,"Venetoclax in Combination with 5 Days Azacitidine in Untreated AML Patients, Not Eligible for Standard Induction Therapy",PHASE2,RECRUITING
ABBV,AbbVie,NCT07231952,"A Study of Pirtobrutinib, Venetoclax, and Rituximab in People With Waldenström's Macroglobulinemia (WM)/Lymphoplasmacytic Lymphoma (LPL)",PHASE2,RECRUITING
ABBV,AbbVie,NCT04846959,Study to Evaluate Pregnancy Outcomes in Risankizumab Exposed Pregnancies Relative to Those Non-risankizumab Exposed Pregnancies in Women With FDA Approved Indications,,RECRUITING
ABBV,AbbVie,NCT07155187,A Study to Assess Adverse Events and Change in Disease Activity of Intravenous (IV) Telisotuzumab Adizutecan Compared to Standard of Care in Adult Participants With Locally Advanced or Metastatic EGFR-Mutated Non-Squamous Non-Small Cell Lung Cancer,"PHASE2, PHASE3",RECRUITING
ABBV,AbbVie,NCT06838845,An Observational Study to Evaluate Effectiveness and Safety of Upadacitinib in Chinese Adult Participants With Moderate to Severely Active Ulcerative Colitis (UC),,RECRUITING
ABBV,AbbVie,NCT06682988,"A Study to Assess Adverse Events and Change in Disease Activity in Participants With Platinum-Resistant Advanced High-Grade Epithelial Ovarian, Primary Peritoneal, or Fallopian Tube Cancers With High Folate Receptor-Alpha Expression Treated With Intravenously (IV) Infused Mirvetuximab Soravtansine",PHASE2,RECRUITING
ABBV,AbbVie,NCT07024706,Phase 2 Study of Disease Risk Mutation-Guided Finite Acalabrutinib+Venetoclax for Relapsed CLL Post-1L Finite cBTKi+BCL2i ± Obinutuzumab,PHASE2,NOT_YET_RECRUITING
ABBV,AbbVie,NCT07095452,"A Study to Assess A Change in Disease Activity and Adverse Events of Intravenous Etentamig and Daratumumab (Etentamig+D) Compared to Daratumumab, Lenalidomide, and Dexamethasone (DRd) in Adult Participants With Newly Diagnosed Multiple Myeloma Not Eligible for Transplant","PHASE2, PHASE3",RECRUITING
ABBV,AbbVie,NCT06822738,A Study to Assess Adverse Events and Effectiveness of Gel Stent (XEN63) Implantation Using Ab Interno and Ab Externo Approaches in Adult Participants With Glaucoma,PHASE3,RECRUITING
ABBV,AbbVie,NCT06524635,A Study to Assess Molecular Changes in Adult Participants With Moderate to Severe Hidradenitis Suppurativa or With Moderate to Severe Atopic Dermatitis Receiving Subcutaneous Injections of Lutikizumab,PHASE2,RECRUITING
ABBV,AbbVie,NCT05512390,"A Study to Assess the Adverse Events, Change in Disease Activity, and How Intravenously Infused ABBV-319 Moves Through the Bodies of Adult Participants With Relapsed or Refractory (R/R) Diffuse Large B-cell Lymphoma (DLBCL), Follicular Lymphoma (FL), or Chronic Lymphocytic Leukemia (CLL)",PHASE1,RECRUITING
ABBV,AbbVie,NCT06712628,A Comparison Study of Persistence of UPadacitinib vs. TNF-inhibitoRs In a German Real-world SettING,,RECRUITING
ABBV,AbbVie,NCT02966756,A Study of Venetoclax in Participants With Relapsed or Refractory Chronic Lymphocytic Leukemia/Small Lymphocytic Lymphoma,PHASE2,RECRUITING
ABBV,AbbVie,NCT04777357,A Study to Assess Change in Disease Activity and Adverse Events (AEs) With Cariprazine in the Treatment of Depressive Episodes in Pediatric Participants Participants (10 to 17 Years of Age) With Bipolar I Disorder.,PHASE3,RECRUITING
ABBV,AbbVie,NCT05650632,A Study to Assess Adverse Events of Intravenously (IV) Infused Etentamig (ABBV-383) in Adult Participants With Relapsed or Refractory Multiple Myeloma,PHASE1,RECRUITING
ABBV,AbbVie,NCT06764693,An Ex-US Study to Assess Treatment Persistence With Risankizumab in Adult Participants With Psoriatic Arthritis,,RECRUITING
ABBV,AbbVie,NCT07172204,Alternating Regimen of VA and Low-dose CHA in the Treatment of Unfit Newly Diagnosed AML,PHASE2,RECRUITING
ABBV,AbbVie,NCT06892522,"A Study to Assess Change in Disease Activity and Adverse Events (AE)s in Adult Participants With Multiple Myeloma Receiving Etentamig (ABBV-383) as an Intravenous (IV) Infusion Alone or in Combination With Oral, IV, Subcutaneous Daratumumab; Lenalidomide; Dexamethasone; Carfilzomib","PHASE1, PHASE2",RECRUITING
ABBV,AbbVie,NCT04797767,Venetoclax and CLAG-M for the Treatment of Acute Myeloid Leukemia and High-Grade Myeloid Neoplasms,"PHASE1, PHASE2",RECRUITING
ABBV,AbbVie,NCT06510309,Rituximab Plus Venetoclax in Front Line Marginal Zone Lymphoma,PHASE2,RECRUITING
ABBV,AbbVie,NCT05887609,An Evaluation of Maintenance Therapy Combination Mirvetuximab Soravtansine and Olaparib,PHASE2,RECRUITING
ABBV,AbbVie,NCT06773403,Upadacitinib for Prurigo Nodularis,PHASE4,RECRUITING
ABBV,AbbVie,NCT06191744,Study of Subcutaneous Epcoritamab in Combination With Intravenous Rituximab and Oral Lenalidomide (R2) to Assess Adverse Events and Change in Disease Activity in Adult Participants With Previously Untreated Follicular Lymphoma,PHASE3,RECRUITING
ABBV,AbbVie,NCT07073079,A Study to Assess the Effectiveness of Second-Line Therapy of Upadacitinib and Risankizumab in Adult Participants With Crohn's Disease in a Real-World Setting,,RECRUITING
ABBV,AbbVie,NCT07175415,HEM-iSMART E: Capivasertib + Venetoclax + Dexamethasone in Pediatric Patients With Relapsed or Refractory Hematological Malignancies,"PHASE1, PHASE2",NOT_YET_RECRUITING
ABBV,AbbVie,NCT04928846,A Study to Assess Disease Activity and Adverse Events of Intravenous (IV) Telisotuzumab Vedotin Compared to IV Docetaxel in Adult Participants With Previously Treated Non-Squamous Non-Small Cell Lung Cancer (NSCLC),PHASE3,RECRUITING
ABBV,AbbVie,NCT05916157,An Observational Study of Subcutaneous Infusion of ABBV-951 to Assess Change in Disease Activity and Adverse Events In Adult Japanese Participants With Advanced Parkinson's Disease,,RECRUITING
ABBV,AbbVie,NCT05618028,Study to Evaluate Adverse Events and Change in Disease Activity in Adult Participants With B-Cell Malignancies Receiving Oral ABBV-525 Tablets,PHASE1,RECRUITING
ABBV,AbbVie,NCT03319901,Venetoclax and Chemotherapy as Frontline Therapy in Older Patients and Patients With Relapsed/Refractory ALL,"PHASE1, PHASE2",RECRUITING
ABBV,AbbVie,NCT07196644,A Study to Assess Adverse Events and Change in Disease Activity in Participants 12 Years of Age or Older With Locally Advanced or Metastatic Solid Tumors That Harbor MET Amplification Receiving Intravenously Infused Telisotuzumab Adizutecan,PHASE2,RECRUITING
ABBV,AbbVie,NCT03938701,Fluorescence Imaging of IBD and RA Using Adalimumab-800CW,PHASE2,RECRUITING
ABBV,AbbVie,NCT07044687,Study to Assess Adverse Events and Change in Disease Activity of Oral Venetoclax in Combination With Subcutaneous (SC) or Intravenous (IV) Azacitidine in Newly Diagnosed Adult Participants With Acute Myeloid Leukemia (AML) Who Are Ineligible for Standard Induction Therapy in India,PHASE4,RECRUITING
ABBV,AbbVie,NCT07413133,A Study to Assess How the Body Absorbs ABBV-8736 Subcutaneous Injections Relative to Intravenous Injections in Adult Healthy Volunteers,PHASE1,RECRUITING
ABBV,AbbVie,NCT07155174,"A Study to Evaluate the Optimal Dose, Adverse Events and Change in Disease Activity of Intravenous ABBV-706 in Combination With Atezolizumab Versus Standard of Care as First-Line Treatment in Adult Participants With Previously Untreated Extensive Stage Small Cell Lung Cancer",PHASE2,RECRUITING
ABBV,AbbVie,NCT04872790,"Venetoclax, Dasatinib, Prednisone, Rituximab and Blinatumomab for the Treatment of Newly Diagnosed or Relapsed Philadelphia Chromosome Positive Acute Lymphoblastic Leukemia or Mixed Phenotype Acute Leukemia",PHASE1,RECRUITING
ABBV,AbbVie,NCT07310290,Study to Assess the Real-World Effectiveness of Ubrogepant in Adult Participants When Treating During the Prodrome Phase of Migraine Attacks,,RECRUITING
ABBV,AbbVie,NCT06880744,A Study to Assess the Change in Disease Activity in Adult Participants With Moderate to Severe Ulcerative Colitis Treated With Risankizumab Compared to Vedolizumab,PHASE3,RECRUITING
ABBV,AbbVie,NCT01848028,PsoBest - The German Psoriasis Registry,,RECRUITING
MRK,Merck & Co.,NCT00404989,Antiretroviral Pregnancy Registry (APR): Multi-sponsor Registry to Detect Any Major Teratogenic Effect Involving Any of the Registry Drugs When Administered to Pregnant People.,,RECRUITING
MRK,Merck & Co.,NCT07469774,BC3195 in Combination With Pembrolizumab in Participants With Locally Advanced or Metastatic Solid Tumors,"PHASE1, PHASE2",NOT_YET_RECRUITING
MRK,Merck & Co.,NCT04443088,An Open-Label Study of INV-1120 as a Single Agent and in Combination With Pembrolizumab in Adult Patients With Advanced Solid Tumors,PHASE1,RECRUITING
MRK,Merck & Co.,NCT07244393,Lutetium (177Lu) DGUL Combined With Pembrolizumab in Metastatic Castration-Resistant Prostate Cancer,PHASE1,NOT_YET_RECRUITING
MRK,Merck & Co.,NCT04143724,Study of Safety & PK of Luspatercept (ACE-536) in Pediatric Participants With Beta (β)-Thalassemia,PHASE2,RECRUITING
MRK,Merck & Co.,NCT07487441,"Reverse Remodeling of the Pulmonary Vasculature: a Longitudinal, Investigational Study of the Effects of Sotatercept.",,NOT_YET_RECRUITING
MRK,Merck & Co.,NCT06459310,Pilot Study on Evaluating the Geroprotective Effect of Metformin,PHASE2,RECRUITING
MRK,Merck & Co.,NCT05597306,Venetoclax and Bomedemstat in Patients With Relapsed/Refractory Acute Myeloid Leukemia,PHASE1,RECRUITING
MRK,Merck & Co.,NCT07267338,Pembrolizumab + MRGOO3 as Neoadjuvant in NPC,PHASE2,NOT_YET_RECRUITING
MRK,Merck & Co.,NCT05784688,Study of TU2218 in Combination With KEYTRUDA®(Pembrolizumab) in Patients With Advanced Solid Tumors,"PHASE1, PHASE2",RECRUITING
MRK,Merck & Co.,NCT05394103,Highly Selective CDK7 Inhibitor Q901 in Selected Advanced Solid Tumors,"PHASE1, PHASE2",RECRUITING
AMGN,Amgen,NCT06360354,"A Study Evaluating Anvumetostat in Combination With Other Therapies in Participants With Advanced Gastrointestinal, Biliary Tract, or Pancreatic Cancers With Homozygous Methylthioadenosine Phosphorylase (MTAP)-Deletion (MTAPESTRY 103)",PHASE1,RECRUITING
AMGN,Amgen,NCT03848052,Evolution of the Therapeutic Care in Lung Cancer in France Since 2015 (ESME LC),,RECRUITING
AMGN,Amgen,NCT07283640,A Phase IB Trial of Subcutaneous Blinatumomab in Combination With Revumenib for Patients With KMT2A-rearranged Acute Lymphoblastic Leukemia,PHASE1,NOT_YET_RECRUITING
AMGN,Amgen,NCT03633708,A Trial of Etelcalcetide in Pediatric Participants With Secondary Hyperparathyroidism and Chronic Kidney Disease on Hemodialysis,PHASE3,RECRUITING
AMGN,Amgen,NCT05972551,Study to Evaluate Efficacy and Safety of Romosozumab Compared With Bisphosphonates in Children and Adolescents With Osteogenesis Imperfecta,PHASE3,RECRUITING
AMGN,Amgen,NCT04822337,"Study of Carfilzomib, Lenalidomide, Dexamethasone and Belantamab Mafodotin in Multiple Myeloma","PHASE1, PHASE2",RECRUITING
AMGN,Amgen,NCT06593522,A Phase 2 Study of Anvumetostat in Participants With MTAP-deleted Advanced NSCLC (MTAPESTRY 201),PHASE2,RECRUITING
AMGN,Amgen,NCT07172919,A Rollover Study Evaluating Sotorasib With or Without Panitumumab in Participants With KRAS p.G12C Mutation,PHASE2,RECRUITING
AMGN,Amgen,NCT05001087,"A ""Physician & Patient-powered"" Cohort Registry (MY MYELOMA)",,RECRUITING
AMGN,Amgen,NCT03969329,A Phase 3 Study of Etelcalcetide in Children With Secondary Hyperparathyroidism Receiving Hemodialysis,PHASE3,RECRUITING
AMGN,Amgen,NCT06471036,Test 2 Treat: Can we Improve the Testing and Treatment of High Cholesterol in Patients Who Have Been Hospitalized for a Cardiac Event by Providing Education to Doctors and Patients?,NA,RECRUITING
AMGN,Amgen,NCT02622581,"Clinical Research Platform Into Molecular Testing, Treatment and Outcome of (Non-)Small Cell Lung Carcinoma Patients",,RECRUITING
AMGN,Amgen,NCT07203053,A Trial of Tarlatamab in Patients With Pretreated Extensive-stage Small Cell Lung Cancer (ES-SCLC) and ECOG PS 2,PHASE2,NOT_YET_RECRUITING
AMGN,Amgen,NCT06747949,A Long-term Extension Study of Dazodalibep in Participants With Sjögren's Syndrome (SS),PHASE3,RECRUITING
AMGN,Amgen,NCT06776250,Study of How Safe and Effective Tarlatamab is in Brain Cancers,PHASE2,RECRUITING
AMGN,Amgen,NCT06072482,A Study to Evaluate Avacopan in Participants With ANCA-associated Vasculitis,PHASE4,RECRUITING
AMGN,Amgen,NCT05920356,A Study Evaluating Sotorasib Platinum Doublet Combination Versus Pembrolizumab Platinum Doublet Combination as a Front-Line Therapy in Participants With Stage IV or Advanced Stage IIIB/C Nonsquamous Non-Small Cell Lung Cancers (CodeBreaK 202),PHASE3,RECRUITING
AMGN,Amgen,NCT02925234,The Drug Rediscovery Protocol (DRUP Trial),PHASE2,RECRUITING
AMGN,Amgen,NCT06788938,Tarlatamab in Advanced Delta-like 3 (DLL3)-Expressing Tumors Including Neuroendocrine Neoplasms,PHASE2,RECRUITING
AMGN,Amgen,NCT07478887,Impact of the Corrie Lipids Digital Health Program on Lipid Optimization,NA,RECRUITING
AMGN,Amgen,NCT07441252,A Trial to Evaluate Efficacy and Safety of Maridebart Cafraglutide in Adults Living With Elevated Liver Fat and Obesity or Overweight,PHASE2,RECRUITING
AMGN,Amgen,NCT07293260,Olpasiran Trials of Cardiovascular Events and Lipoprotein(a) Reduction - Coronary Computed Tomography Angiography Trial,PHASE3,NOT_YET_RECRUITING
AMGN,Amgen,NCT04176718,"Daratumumab, Carfilzomib, Pomalidomide, Dexamethasone In MM",PHASE2,RECRUITING
AMGN,Amgen,NCT06987539,"A Study to Evaluate the Pharmacokinetics, Pharmacodynamics, Safety and Tolerability of Inebilizumab in Children With Generalized Myasthenia Gravis (gMG)",PHASE2,RECRUITING
AMGN,Amgen,NCT01848028,PsoBest - The German Psoriasis Registry,,RECRUITING
AMGN,Amgen,NCT06700343,Comparison Between ABP 692 and Ocrevus® (Ocrelizumab),PHASE3,RECRUITING
AMGN,Amgen,NCT04528082,Apremilast Pediatric Study in Children With Active Oral Ulcers Associated With Behçet's Disease,PHASE3,RECRUITING
AMGN,Amgen,NCT07243470,Combination of Tarlatamab and Temozolomide in Patients With Central Nervous System Tumors,"PHASE1, PHASE2",RECRUITING
AMGN,Amgen,NCT06150781,Aimovig Pregnancy Exposure Registry,,RECRUITING
AMGN,Amgen,NCT04994717,Study Comparing Blinatumomab Alternating With Low-intensity Chemotherapy Versus Standard of Care Chemotherapy for Older Adults With Newly Diagnosed Philadelphia-negative B-cell Precursor Acute Lymphoblastic Leukemia,PHASE3,RECRUITING
AMGN,Amgen,NCT07111507,A Study of Tarlatamab for People With Prostate Cancer,PHASE2,RECRUITING
AMGN,Amgen,NCT04151342,CAnadian CAncers With Rare Molecular Alterations (CARMA) - Basket Real-world Observational Study (BROS),,RECRUITING
AMGN,Amgen,NCT07037459,Maridebart Cafraglutide in Heart Failure With Preserved or Mildly Reduced Ejection Fraction and Obesity,PHASE3,RECRUITING
AMGN,Amgen,NCT07192237,Phase 2 Study to Assess the Safety and Efficacy of Subcutaneous Blinatumomab in Patients With Measurable Residual Disease Positive B-cell Acute Lymphoblastic Leukemia,PHASE2,NOT_YET_RECRUITING
AMGN,Amgen,NCT06333951,Anvumetostat Alone or in Combination With Other Therapies in Subjects With Advanced Thoracic Tumors With Homozygous MTAP-deletion (Master Protocol) (MTAPESTRY 104).,PHASE1,RECRUITING
AMGN,Amgen,NCT05909761,Observational Safety Study in Women With Neuromyelitis Optica Spectrum Disorder (NMOSD) Exposed to UPLIZNA® During Pregnancy,,RECRUITING
AMGN,Amgen,NCT07140900,"Study Evaluating the Safety, Tolerability, and Efficacy of Xaluritamig in Combination With Androgen Receptor Pathway Inhibitors in Participants With Metastatic Hormone-sensitive Prostate Cancer",PHASE1,RECRUITING
AMGN,Amgen,NCT06613100,Evaluation of Neoadjuvant Xaluritamig in Localized Prostate Cancer,PHASE1,RECRUITING
AMGN,Amgen,NCT07223190,A Study Evaluating Subcutaneous Versus Intravenous Blinatumomab in Newly Diagnosed Adults With B-cell Precursor Acute Lymphoblastic Leukaemia,PHASE3,NOT_YET_RECRUITING
AMGN,Amgen,NCT05327894,Interfant-21 Treatment Protocol for Infants Under 1 Year With KMT2A-rearranged ALL or Mixed Phenotype Acute Leukemia,PHASE3,RECRUITING
AMGN,Amgen,NCT05848687,TINI 2: Total Therapy for Infants With Acute Lymphoblastic Leukemia II,"PHASE1, PHASE2",RECRUITING
AMGN,Amgen,NCT06816394,Tarlatamab for Advanced Extrapulmonary Small Cell Carcinoma and Neuroendocrine Carcinoma (TAURUS),PHASE2,NOT_YET_RECRUITING
AMGN,Amgen,NCT04746209,Blinatumomab After TCR Alpha Beta/CD19 Depleted HCT,PHASE2,RECRUITING
AMGN,Amgen,NCT03315468,French Clinical Datbase of Melanoma Patients (RIC-Mel),,RECRUITING
AMGN,Amgen,NCT07493512,Trial of Xaluritamig in Adults With Metastatic Castration-resistant Prostate Cancer,PHASE1,NOT_YET_RECRUITING
AMGN,Amgen,NCT03263572,"Blinatumomab, Methotrexate, Cytarabine, and Ponatinib in Treating Patients With Philadelphia Chromosome-Positive, or BCR-ABL Positive, or Relapsed/Refractory, Acute Lymphoblastic Leukemia",PHASE2,RECRUITING
AMGN,Amgen,NCT06691984,Phase 3 Study of Xaluritamig vs Cabazitaxel or Second Androgen Receptor-Directed Therapy in Participants With Progressive Metastatic Castration-Resistant Prostate Cancer (XALute),PHASE3,RECRUITING
AMGN,Amgen,NCT07403721,AMG 436 as Monotherapy and Combination Therapy in Participants With MSI-H/dMMR Solid Tumors,PHASE1,RECRUITING
AMGN,Amgen,NCT07222579,Subcutaneous Blinatumomab for Treatment of Adult Patients With CD19-Positive Mixed Phenotype Acute Leukemia (MPAL),PHASE2,RECRUITING
AMGN,Amgen,NCT06878261,A Study to Investigate the Efficacy and Safety of Tezepelumab in Adult Participants With Moderate to Very Severe COPD (D5241C00007),PHASE3,RECRUITING
GILD,Gilead Sciences,NCT05833867,Adaptive RADiation Therapy With Concurrent Sacituzumab Govitecan (SG) for Muscle Invasive Bladder Cancer,PHASE1,RECRUITING
GILD,Gilead Sciences,NCT07474558,SCALp Cooling for pReventing aLopecia With nEw anTibody-drug Conjugates,PHASE2,NOT_YET_RECRUITING
GILD,Gilead Sciences,NCT05968755,Leveraging Chatbot to Improve PrEP in the Southern United States,NA,NOT_YET_RECRUITING
GILD,Gilead Sciences,NCT04989803,Study of KITE-363 or KITE-753 in Participants With Relapsed and/or Refractory B-cell Lymphoma,"PHASE1, PHASE2",RECRUITING
GILD,Gilead Sciences,NCT07160075,HIV Prevention With PrEP Among People on Opioid Replacement Therapy,PHASE4,RECRUITING
GILD,Gilead Sciences,NCT06817889,Remdesivir for the Treatment of Upper Respiratory Tract Infection Due to RSV in Immunocompromised Individuals,PHASE2,RECRUITING
GILD,Gilead Sciences,NCT00404989,Antiretroviral Pregnancy Registry (APR): Multi-sponsor Registry to Detect Any Major Teratogenic Effect Involving Any of the Registry Drugs When Administered to Pregnant People.,,RECRUITING
GILD,Gilead Sciences,NCT05378399,"SmartSteps: A Context-Aware, PrEP Adherence Intervention for Individuals With Substance Use Disorder",PHASE3,RECRUITING
GILD,Gilead Sciences,NCT07390409,"ALIGN: A Non-randomised Study Delivering Injectable Lenacapavir for HIV Prevention Within a Pre-exposure Prophylaxis (PrEP) Choice Context in Cape Town, South Africa.",,NOT_YET_RECRUITING
GILD,Gilead Sciences,NCT06065371,Sacituzumab Govitecan in Combination With Capecitabine for Advanced Gastrointestinal Cancers After Progression on Standard Therapy,PHASE1,RECRUITING
GILD,Gilead Sciences,NCT07339059,Phase II Study of Sacituzumab Govitecan With Atezolizumab/Durvalumab as Maintenance Therapy for Extensive-Stage Small Cell Lung Cancer,PHASE2,RECRUITING
GILD,Gilead Sciences,NCT06248580,Find HDV and Determine Its Status in Turkey,,RECRUITING
GILD,Gilead Sciences,NCT03424005,A Study Evaluating the Efficacy and Safety of Multiple Treatment Combinations in Patients With Metastatic or Locally Advanced Breast Cancer,"PHASE1, PHASE2",RECRUITING
GILD,Gilead Sciences,NCT03971409,"Avelumab With Binimetinib, Sacituzumab Govitecan, or Liposomal Doxorubicin in Treating Stage IV or Unresectable, Recurrent Triple Negative Breast Cancer",PHASE2,RECRUITING
GILD,Gilead Sciences,NCT07055451,Study of Bictegravir/Emtricitabine/Tenofovir Alafenamide in Newborns Exposed to HIV,PHASE1,RECRUITING
GILD,Gilead Sciences,NCT06532565,Study of GS-2121 Given Alone or in Combination in Adults With Advanced Solid Tumors,PHASE1,RECRUITING
GILD,Gilead Sciences,NCT07163481,"A Trial to Evaluate Sacituzumab Govitecan in Combination With Endocrine Therapy in Patients With HR-positive, HER2-negative Metastatic Breast Cancer Progressed on CDK4/6 Inhibitors",PHASE1,NOT_YET_RECRUITING
GILD,Gilead Sciences,NCT05650749,GPC2 CAR T Cells for Relapsed or Refractory Neuroblastoma and Metastatic Retinoblastoma,PHASE1,RECRUITING
GILD,Gilead Sciences,NCT04617522,Study of Sacituzumab Govitecan in Participants With Advanced or Metastatic Solid Tumor and Moderate Liver Impairment,PHASE1,RECRUITING
GILD,Gilead Sciences,NCT07449091,Adaptability of an Undetectable = Untransmissible Model for HBV,,NOT_YET_RECRUITING
GILD,Gilead Sciences,NCT05813964,"Efficacy, Acceptability and Safety of Event-driven HIV PrEP Using TAF/FTC in MSM in Thailand and France.",PHASE3,RECRUITING
GILD,Gilead Sciences,NCT00825929,Pharmacokinetics of Antiretroviral Agents in HIV-infected Pregnant Women.,,RECRUITING
GILD,Gilead Sciences,NCT07476339,"REINItiation of Antiretroviral Therapy Using Oral bicTegravir, emtrIcitAbine and Tenofovir alafenamidE",PHASE4,NOT_YET_RECRUITING
GILD,Gilead Sciences,NCT02622581,"Clinical Research Platform Into Molecular Testing, Treatment and Outcome of (Non-)Small Cell Lung Carcinoma Patients",,RECRUITING
GILD,Gilead Sciences,NCT06801834,Study of Sacituzumab Govitecan Versus Standard of Care in Participants With Previously Treated Extensive Stage Small Cell Lung Cancer,PHASE3,RECRUITING
GILD,Gilead Sciences,NCT06774027,Prospective Registry of ADC as First- and Second-line Treatment for Breast Cancer,,RECRUITING
GILD,Gilead Sciences,NCT05349227,Comprehensive Outcomes for After Cancer Health,NA,RECRUITING
GILD,Gilead Sciences,NCT06525389,Liposomal Amphotericin B and Flucytosine Antifungal Strategy for Talaromycosis (LAmB-FAST),PHASE3,NOT_YET_RECRUITING
GILD,Gilead Sciences,NCT03275311,Evolution of the Therapeutic Care in Metastatic Breast Cancer From 2008,,RECRUITING
GILD,Gilead Sciences,NCT02986984,Transformative Research in Diabetic Nephropathy,,RECRUITING
GILD,Gilead Sciences,NCT07197164,Safety and Effectiveness of a Remdesivir Treatment to Prevent Severe COVID-19 in Kidney Transplant Patients,PHASE2,RECRUITING
GILD,Gilead Sciences,NCT06374758,Accelerated ART Initiation for PWHIV Who Are Out of Care,PHASE4,RECRUITING
GILD,Gilead Sciences,NCT06923826,Sacituzumab Govitecan in Metastatic Salivary Gland and Thyroid Cancers (SG-SGTC),PHASE2,RECRUITING
GILD,Gilead Sciences,NCT07096193,Study of GS-4321 in Healthy Participants and Participants With Chronic Hepatitis Delta Virus,"PHASE1, PHASE2",RECRUITING
GILD,Gilead Sciences,NCT03945448,Single Dose Liposomal Amphotericin for Asymptomatic Cryptococcal Antigenemia,"PHASE2, PHASE3",RECRUITING
GILD,Gilead Sciences,NCT05688592,Usefulness of PET-CT for Invasive Fungal Infection,,RECRUITING
GILD,Gilead Sciences,NCT06631365,PrEPsmart 2-1-1 Pilot,PHASE2,RECRUITING
GILD,Gilead Sciences,NCT07379658,Long-Acting Injectable HIV PrEP PROs,,NOT_YET_RECRUITING
GILD,Gilead Sciences,NCT06889805,HDV Screening Study,,RECRUITING
GILD,Gilead Sciences,NCT06900829,#AWARE.HIV Europe: Supporting Healthcare Professionals to Find Undiagnosed HIV in European Hospitals: An Effectiveness-implementation Trial.,NA,RECRUITING
GILD,Gilead Sciences,NCT05520905,TelePrEP for At-risk Youth in Colorado,NA,RECRUITING
GILD,Gilead Sciences,NCT06717581,Variation in Drug Interactions in People With HIV (PLWH) Aged 60 Years and Older.,,RECRUITING
GILD,Gilead Sciences,NCT05605899,Study to Compare Axicabtagene Ciloleucel With Standard of Care Therapy as First-line Treatment in Participants With High-risk Large B-cell Lymphoma,PHASE3,RECRUITING
GILD,Gilead Sciences,NCT05467930,CU-COMMITS: COVID-19 Care in Black and Latino Communities and Households. Clinical and Molecular Outcomes of SARS-CoV-2,,RECRUITING
GILD,Gilead Sciences,NCT06477419,A Study of Sacituzumab Govitecan in People With Mesothelioma,PHASE2,RECRUITING
GILD,Gilead Sciences,NCT06401824,Sacituzumab Govitecan and Bevacizumab for NSCLC Brain Metastases,PHASE2,RECRUITING
GILD,Gilead Sciences,NCT04230109,Sacituzumab Govitecan In TNBC,PHASE2,RECRUITING
GILD,Gilead Sciences,NCT07218211,Enhancing PrEP Uptake and Retention Among Latine TGW and GBM in the South Using Long-Acting Injectable PrEP,PHASE4,RECRUITING
GILD,Gilead Sciences,NCT07047716,Study of Lenacapavir as a Once-Yearly Injection for HIV Pre-exposure Prophylaxis (PrEP),PHASE3,RECRUITING
GILD,Gilead Sciences,NCT05007782,Study of Denikitug (GS-1811) Given Alone or With Zimberelimab in Adults With Advanced Solid Tumors,PHASE1,RECRUITING
PFE,Pfizer,NCT05817903,Axitinib Intensification Plus Nivolumab or Nivolumab Alone After Nivolumab Plus Ipilimumab in mRCC Patients,PHASE2,RECRUITING
PFE,Pfizer,NCT03848052,Evolution of the Therapeutic Care in Lung Cancer in France Since 2015 (ESME LC),,RECRUITING
PFE,Pfizer,NCT07029828,A Long-Term Study to Learn About The Study Medicine Called Ritlecitinib in Children With Severe Alopecia Areata.,PHASE3,RECRUITING
PFE,Pfizer,NCT07421700,Symbiotic-GU-06: A Study to Learn About PF-08634404 Alone or In Combination With Enfortumab Vedotin in Urothelial Cancer,"PHASE1, PHASE2",RECRUITING
PFE,Pfizer,NCT05639647,Study of 2 Medicines (Aztreonam and Avibactam) Compared to Best Available Therapy for Serious Gram-negative Infections,PHASE2,RECRUITING
PFE,Pfizer,NCT06587035,A Study to Learn About Somatrogon in Patients With Pediatric Growth Hormone Deficiency (p GHD) in India.,,RECRUITING
PFE,Pfizer,NCT06447662,A Study to Learn About the Study Medicine PF-07934040 When Given Alone or With Other Anti-cancer Therapies in People With Advanced Solid Tumors That Have a Genetic Mutation.,PHASE1,RECRUITING
PFE,Pfizer,NCT06130995,Relugolix + Enzalutamide Study in High-Risk Prostate Cancer,PHASE1,RECRUITING
PFE,Pfizer,NCT07519135,A Study to Learn About the Medicine Called PF-08653944 in People With and Without Reduced Liver Function,PHASE1,NOT_YET_RECRUITING
PFE,Pfizer,NCT04476563,Checkpoint Inhibitor-induced Liver Injury,,RECRUITING
PFE,Pfizer,NCT07209176,Physician- and Patient-based Barriers to NGS Testing,NA,RECRUITING
PFE,Pfizer,NCT04743141,Long-term Safety Study of Rimegepant in Pediatric Subjects for the Acute Treatment of Migraine,PHASE3,RECRUITING
PFE,Pfizer,NCT02960022,A Study for Subjects With Prostate Cancer Who Previously Participated in an Enzalutamide Clinical Study,PHASE2,RECRUITING
PFE,Pfizer,NCT05689151,A Study to Learn About Abrocitinib in Adult Patients With Moderate to Severe Atopic Dermatitis.,,RECRUITING
PFE,Pfizer,NCT04341181,ProTarget - A Danish Nationwide Clinical Trial on Targeted Cancer Treatment Based on Genomic Profiling,PHASE2,RECRUITING
PFE,Pfizer,NCT03424005,A Study Evaluating the Efficacy and Safety of Multiple Treatment Combinations in Patients With Metastatic or Locally Advanced Breast Cancer,"PHASE1, PHASE2",RECRUITING
PFE,Pfizer,NCT07426757,An Open-Label Study to Evaluate PF-07994525 in Participants With Advanced Cancers,PHASE1,NOT_YET_RECRUITING
PFE,Pfizer,NCT06163326,A 52-Week Study to Learn About the Safety and Effects of Ritlecitinib in Participants With Nonsegmental Vitiligo,PHASE3,RECRUITING
PFE,Pfizer,NCT04511039,Trifluridine/Tipiracil and Talazoparib for the Treatment of Patients With Locally Advanced or Metastatic Colorectal or Gastroesophageal Cancer,PHASE1,RECRUITING
PFE,Pfizer,NCT06758401,This is a Study to Learn About How the Combination of the Study Medicines Sigvotatug Vedotin Plus Pembrolizumab Works in People With Non-small Cell Lung Cancer With High Levels of PD-L1.,PHASE3,RECRUITING
PFE,Pfizer,NCT07174336,A Study of Tersolisib (LY4064809/STX-478) With Other Anti-Cancer Treatments in Participants With Advanced Breast Cancer With a Genetic Change (PIK3CA),PHASE3,RECRUITING
PFE,Pfizer,NCT03990896,"Evaluation of Talazoparib, a PARP Inhibitor, in Patients With Somatic BRCA Mutant Metastatic Breast Cancer: Genotyping Based Clinical Trial",PHASE2,RECRUITING
PFE,Pfizer,NCT04664556,Invasive Pneumococcal Disease Study,,RECRUITING
PFE,Pfizer,NCT07382739,"A Phase 2 Study of Radiotherapy-induced Immune Priming to Enhance Elranatamab (Elra) in Relapsed Refractory Multiple Myeloma (RRMM) With Extramedullary Disease (EMD) and Paramedullary Disease (PMD) ""PRIME-EMD-PMD""",PHASE2,RECRUITING
PFE,Pfizer,NCT03971409,"Avelumab With Binimetinib, Sacituzumab Govitecan, or Liposomal Doxorubicin in Treating Stage IV or Unresectable, Recurrent Triple Negative Breast Cancer",PHASE2,RECRUITING
PFE,Pfizer,NCT00901602,Lebanese Interhospital Pneumococcal Surveillance Program,,RECRUITING
PFE,Pfizer,NCT06760637,Study of PF-07220060 With Letrozole in Adults With HR-positive HER2-negative Breast Cancer Who Have Not Received Anticancer Treatment for Advanced/Metastatic Disease,PHASE3,RECRUITING
PFE,Pfizer,NCT06921408,Retrospective Identification of Scintigraphic Cardiac Amyloidosis (RISCA),,NOT_YET_RECRUITING
PFE,Pfizer,NCT06157892,A Study of Disitamab Vedotin With Other Anticancer Drugs in Solid Tumors,PHASE2,RECRUITING
PFE,Pfizer,NCT06294925,A Study to Learn About the Effectiveness of Etrasimod in People With Ulcerative Colitis,,RECRUITING
PFE,Pfizer,NCT06894290,International Cardiac Amyloidosis Registry,,RECRUITING
PFE,Pfizer,NCT05180097,Pembrolizumab and Brentuximab Vedotin vs GDP and Stem Cell Transplant for Relapsed/Refractory Hodgkin Lymphoma,PHASE2,RECRUITING
PFE,Pfizer,NCT05599412,Post Marketing Surveillance(PMS) Study of Lorviqua in Korea,,RECRUITING
PFE,Pfizer,NCT04649242,Randomized Study in Children and Adolescents With Migraine: Acute Treatment,PHASE3,RECRUITING
PFE,Pfizer,NCT02622581,"Clinical Research Platform Into Molecular Testing, Treatment and Outcome of (Non-)Small Cell Lung Carcinoma Patients",,RECRUITING
PFE,Pfizer,NCT07486921,Etrasimod as Prevention of Pouchitis,PHASE2,NOT_YET_RECRUITING
PFE,Pfizer,NCT02724163,International Randomised Phase III Clinical Trial in Children With Acute Myeloid Leukaemia,PHASE3,RECRUITING
PFE,Pfizer,NCT06679140,A Study to Learn About a Study Medicine Called Ibuzatrelvir in Adult and Adolescent Patients With COVID-19 Who Are Not Hospitalized But Are at Risk For Severe Disease,PHASE3,RECRUITING
PFE,Pfizer,NCT06564389,FIH Study to Evaluate the Tolerability of PF-07832837 in Healthy Adults and Patients,PHASE1,RECRUITING
PFE,Pfizer,NCT06684743,Vaccine Effectiveness of a Bivalent RSV Prefusion F Protein-Based Vaccine for Preventing RSV Hospitalizations in Adults,PHASE4,RECRUITING
PFE,Pfizer,NCT07206225,A Study to Learn About the Study Medicine PF-08052667 in People With Bladder Cancer,PHASE1,RECRUITING
PFE,Pfizer,NCT05046613,"Observational Study to Assess Maternal, Fetal and Infant Outcomes Following Exposure to Rimegepant",,RECRUITING
PFE,Pfizer,NCT07231978,A Study to Learn How Different Forms of the Study Medicine Called Prazosin Are Taken up Into the Blood in Healthy Adults,PHASE1,RECRUITING
PFE,Pfizer,NCT06974786,Frontline T-cell Engager vs Autologous Stem Cell Transplant (ASCT) and Measurable Residual Disease (MRD)-Guided Sequential Intensification thERapy in Multiple Myeloma,PHASE2,RECRUITING
PFE,Pfizer,NCT06855654,Promoting Resilience in Women With Breast Cancer (PRISM -MBC),NA,RECRUITING
PFE,Pfizer,NCT07222566,Symbiotic-Lung-01 : A Study to Learn About the Study Medicine Called PF-08634404 in Combination With Chemotherapy in Adult Participants With Locally Advanced or Metastatic Non-Small Cell Lung Cancer,PHASE3,RECRUITING
PFE,Pfizer,NCT05738694,Neoadjuvant of Axitinib Plus PD-1 to Improve Disease Free Survival of Patients With Renal Cell Carcinoma,PHASE3,RECRUITING
PFE,Pfizer,NCT07470866,A Study to Compare the Amount of Two Forms of Tafamidis in the Blood of Healthy Adults Under Fed Conditions,PHASE1,NOT_YET_RECRUITING
PFE,Pfizer,NCT07073820,A Study to Learn About the Study Medicine (Called PF-07868489) in People With Pulmonary Arterial Hypertension Who Have Previously Participated in a Clinical Study With PF-07868489,PHASE2,RECRUITING
PFE,Pfizer,NCT06762379,Implementation of a New Algorithm for HRR Gene Mutation Testing in Patients With mPC Through Liquid Biopsy Integration,,RECRUITING
BMY,Bristol-Myers Squibb Company,NCT00404989,Antiretroviral Pregnancy Registry (APR): Multi-sponsor Registry to Detect Any Major Teratogenic Effect Involving Any of the Registry Drugs When Administered to Pregnant People.,,RECRUITING
BMY,Bristol-Myers Squibb Company,NCT06788652,A Study of Patients With Relapsed/Refractory Mantle Cell Lymphoma Treated With Lisocabtagene Maraleucel in the Post-Marketing Setting,,RECRUITING
BMY,Bristol-Myers Squibb Company,NCT06788639,A Study of Patients With Relapsed/Refractory Chronic Lymphocytic Leukemia/Small Lymphocytic Lymphoma Treated With Lisocabtagene Maraleucel in the Post-Marketing Setting,,RECRUITING
BMY,Bristol-Myers Squibb Company,NCT06153251,A Study to Assess BMS-986453 in Participants With Relapsed and/or Refractory Multiple Myeloma,PHASE1,RECRUITING
BMY,Bristol-Myers Squibb Company,NCT02622581,"Clinical Research Platform Into Molecular Testing, Treatment and Outcome of (Non-)Small Cell Lung Carcinoma Patients",,RECRUITING
BMY,Bristol-Myers Squibb Company,NCT07115745,"A Study of Healthy Donor CD19-targeted Allogeneic CAR T Cells in Participants With Severe, Refractory Autoimmune Diseases",PHASE1,RECRUITING
BMY,Bristol-Myers Squibb Company,NCT02925234,The Drug Rediscovery Protocol (DRUP Trial),PHASE2,RECRUITING
BMY,Bristol-Myers Squibb Company,NCT01848028,PsoBest - The German Psoriasis Registry,,RECRUITING
BMY,Bristol-Myers Squibb Company,NCT06794268,A Study to Patients With Relapsed/Refractory Follicular Lymphoma Treated With Liso-cel (Lisocabtagene Maraleucel) in the Post Marketing Setting,,RECRUITING
BMY,Bristol-Myers Squibb Company,NCT07424404,"A Study to Evaluate the Long-term Safety and Tolerability of KarXT and KarX-EC for the Treatment of Schizophrenia and Autism-Related Irritability in Adolescents, Respectively",PHASE3,RECRUITING
BMY,Bristol-Myers Squibb Company,NCT07015242,A Study of the Efficacy and Safety of Lisocabtagene Maraleucel (Liso-cel) as First-Line Therapy in Adults With Transplant-Ineligible Primary Central Nervous System Lymphoma,PHASE2,RECRUITING
BMY,Bristol-Myers Squibb Company,NCT06220201,"A Study to Evaluate the Safety, Tolerability, Efficacy, and Drug Levels of CC-97540 in Participants With Relapsing Forms of Multiple Sclerosis, Progressive Forms of Multiple Sclerosis or Refractory Myasthenia Gravis (MG) (Breakfree-2)",PHASE1,RECRUITING
BMY,Bristol-Myers Squibb Company,NCT05980949,Open-Label Extension Study to Assess the Long-Term Safety and Tolerability of KarXT in Subjects With Psychosis Associated With Alzheimer's Disease (ADEPT-3),PHASE3,RECRUITING
BMY,Bristol-Myers Squibb Company,NCT07204418,A Study to Evaluate the Effects of CYP2D6 Phenotypes on the Pharmacokinetics of Xanomeline Following KarXT Administration in Healthy Adult Participants,PHASE1,RECRUITING
BMY,Bristol-Myers Squibb Company,NCT07335562,"A Study to Compare the Efficacy and Safety of BMS-986353 (Zolacaptagene- Autoleucel / Zola-cel), CD19-CAR T Cells, Versus Standard of Care in Participants With Active Systemic Sclerosis",PHASE3,NOT_YET_RECRUITING
BMY,Bristol-Myers Squibb Company,NCT05869955,"A Study of CC-97540, CD-19-Targeted Nex-T CAR T Cells, in Participants With Severe, Refractory Autoimmune Diseases (Breakfree-1)",PHASE1,RECRUITING
BMY,Bristol-Myers Squibb Company,NCT06585787,A Study to Evaluate KarXT as a Treatment for Psychosis Associated With Alzheimer's Disease (ADEPT-4),PHASE3,RECRUITING
BMY,Bristol-Myers Squibb Company,NCT05304767,An Extension Study to Assess Long-Term Safety and Tolerability of Adjunctive KarXT in Subjects With Inadequately Controlled Symptoms of Schizophrenia,PHASE3,RECRUITING
BMY,Bristol-Myers Squibb Company,NCT06297226,Study of Arlocabtagene Autoleucel (BMS-986393) a GPRC5D-directed CAR T Cell Therapy in Adult Participants With Relapsed or Refractory Multiple Myeloma,PHASE2,RECRUITING
BMY,Bristol-Myers Squibb Company,NCT06121843,"A Study to Evaluate the Safety, Effectiveness and Tolerable Dose of Arlocabtagene Autoleucel (BMS-986393) in Novel Combinations in Participants With Relapsed and/or Refractory Multiple Myeloma",PHASE1,RECRUITING
BMY,Bristol-Myers Squibb Company,NCT06615479,A Study to Compare the Efficacy and Safety of BMS-986393 Versus Standard Regimens in Adult Participants With Relapsed or Refractory and Lenalidomide-exposed Multiple Myeloma (QUINTESSENTIAL-2),PHASE3,RECRUITING
BMY,Bristol-Myers Squibb Company,NCT05702034,A Study of Milvexian in Participants After an Acute Ischemic Stroke or High-Risk Transient Ischemic Attack- LIBREXIA-STROKE,PHASE3,RECRUITING
BMY,Bristol-Myers Squibb Company,NCT07015983,"A Study of CC-97540 (BMS-986353 or Zola-cel), CD19-Targeted NEX-T CAR T Cells, in Participants With Active SLE Despite Immunosuppressants (Breakfree-SLE)",PHASE2,RECRUITING
BMY,Bristol-Myers Squibb Company,NCT00505245,New Assessment System in Measuring Symptom Distress in Cancer Patients,,RECRUITING
BMY,Bristol-Myers Squibb Company,NCT05511363,A Study to Assess Efficacy and Safety of KarXT for the Treatment of Psychosis Associated With Alzheimer's Disease (ADEPT-1),PHASE3,RECRUITING
BMY,Bristol-Myers Squibb Company,NCT07118215,"A Study to Evaluate the Effects of KarXT on the Drug Levels of Midazolam, Fexofenadine, and Digoxin",PHASE1,RECRUITING
BMY,Bristol-Myers Squibb Company,NCT07257120,KarXT Concentrations in the Breast Milk and Plasma of Lactating Females,PHASE4,RECRUITING
BMY,Bristol-Myers Squibb Company,NCT02693535,TAPUR: Testing the Use of Food and Drug Administration (FDA) Approved Drugs That Target a Specific Abnormality in a Tumor Gene in People With Advanced Stage Cancer,PHASE2,RECRUITING
BIIB,Biogen,NCT07297199,"A Study to Learn How the Body Processes BIIB141 (Omaveloxolone) When Taken as a Capsule or as a Tablet Dissolved in Liquid, and to Learn About Its Safety in Healthy Adults Ages 18 to 55",PHASE1,RECRUITING
BIIB,Biogen,NCT07433010,German Dementia Registry,,RECRUITING
BIIB,Biogen,NCT06054893,A Study to Find Out How BIIB141 (Omaveloxolone) is Processed in the Body and to Learn More About Its Safety in Participants With Friedreich's Ataxia Aged 2 to 15 Years Old,PHASE1,RECRUITING
BIIB,Biogen,NCT06953583,A Study to Learn More About the Effects and Long-Term Safety of BIIB141 (Omaveloxolone) in Participants With Friedreich's Ataxia Aged 2 to 15 Years Old (BRAVE),PHASE3,RECRUITING
BIIB,Biogen,NCT07400198,Gait and Bone Health in SMA,,RECRUITING
BIIB,Biogen,NCT06555419,A Study to Find Out How Nusinersen is Processed in the Body When Given Through the ThecaFlex DRx™ System in Adult and Pediatric Participants With Spinal Muscular Atrophy (PIERRE-PK),PHASE1,RECRUITING
BIIB,Biogen,NCT01848028,PsoBest - The German Psoriasis Registry,,RECRUITING
BIIB,Biogen,NCT07444450,A Study to Learn About the Safety and Effects of Salanersen (BIIB115) When Given to Babies With Spinal Muscular Atrophy (SMA) Who Were Previously Treated With Onasemnogene Abeparvovec,PHASE3,NOT_YET_RECRUITING
BIIB,Biogen,NCT06685757,A Study to Learn More About the Effects and Safety of Felzartamab Infusions in Adults With Kidney Transplants Who Have Antibody-Mediated Rejection (AMR),PHASE3,RECRUITING
BIIB,Biogen,NCT05866419,Study of an Intrathecal Port and Catheter System for Subjects With Spinal Muscular Atrophy,NA,RECRUITING
BIIB,Biogen,NCT05658497,Pregnancy Exposure Registry for Vumerity (Diroximel Fumarate),,RECRUITING
BIIB,Biogen,NCT07223723,A Study to Learn More About the Long-Term Safety of Tofersen (Qalsody) in Chinese Participants With SOD-1 Amyotrophic Lateral Sclerosis (ALS),PHASE4,RECRUITING
BIIB,Biogen,NCT07444333,Cardiac Output and Fatigue in Friedreich's Ataxia,NA,NOT_YET_RECRUITING
BIIB,Biogen,NCT07444489,A Study to Learn More About the Long-Term Safety and Effects of Felzartamab Infusions in Adults With Kidney Transplants Who Have Antibody-Mediated Rejection (AMR),PHASE3,NOT_YET_RECRUITING
BIIB,Biogen,NCT07225517,A Study to Learn More About the Safety of BIIB145 and How it is Processed in the Body of Healthy Adult Participants,PHASE1,RECRUITING
BIIB,Biogen,NCT05688436,A Study to Learn More About The Safety of Diroximel Fumarate (VUMERITY®) in Participants Who Took it During Pregnancy And About the Health of Their Babies,,RECRUITING
BIIB,Biogen,NCT05418010,"Natalizumab for the Treatment of People With Inflammatory Demyelination Suggestive of Multiple Sclerosis, or Definite Multiple Sclerosis, at First Presentation (AttackMS)",PHASE2,RECRUITING
BIIB,Biogen,NCT07047820,A Study to Learn More About How Zuranolone Affects Postpartum Depression Symptoms in Participants Who Took it Within 1 Year After The End of Their Pregnancy,,RECRUITING
BIIB,Biogen,NCT03047369,The Myelin Disorders Biorepository Project,,RECRUITING
BIIB,Biogen,NCT06602193,Safety and Pharmacodynamic Effects of BIIB122 in Participants With LRRK2-Associated Parkinson's Disease (LRRK2-PD),PHASE2,RECRUITING
BIIB,Biogen,NCT05789758,A Study to Learn How Nusinersen (Spinraza) Affects Participants With Spinal Muscular Atrophy (SMA) Who Took it Before or During Pregnancy And About The Health of Their Babies,,RECRUITING
BIIB,Biogen,NCT06623890,A Study to Learn More About the Long-Term Safety of BIIB141 (Omaveloxolone) in Participants With Friedreich's Ataxia Who Are Prescribed it by Their Own Doctors,,RECRUITING
BIIB,Biogen,NCT06978985,Adult SMA Research and Clinical Hub,,RECRUITING
BIIB,Biogen,NCT07133828,A Study to Learn About the Safety of BIIB142 and How it is Processed in the Body of Healthy Adult Participants Aged 18 to 55 Years Old,PHASE1,RECRUITING
BIIB,Biogen,NCT06935357,A Study to Learn About the Effects of Felzartamab Infusions on Adults With Immunoglobulin A Nephropathy (IgAN),PHASE3,RECRUITING
BIIB,Biogen,NCT07221669,A Study to Learn About Salanersen's (BIIB115) Effects on Movement and Its Safety When Given Before Symptoms Appear in Babies With Genetically Diagnosed Spinal Muscular Atrophy (SMA),PHASE3,RECRUITING
BIIB,Biogen,NCT07259980,A Study to Learn More About the Long-Term Safety of Tofersen (Qalsody) in Participants With Superoxide Dismutase 1 (SOD-1) Amyotrophic Lateral Sclerosis (ALS),,RECRUITING
BIIB,Biogen,NCT05531565,A 2-Part Study to Learn Whether Litifilimab (BIIB059) Injections Can Improve Symptoms of Adult Participants Who Have Active Cutaneous Lupus Erythematosus,"PHASE2, PHASE3",RECRUITING
BIIB,Biogen,NCT07483632,A Study to Learn About the Safety of Diroximel Fumarate (DRF) and Dimethyl Fumarate (DMF) and Their Effects on Relapses in Pediatric Participants With Relapsing Forms of Multiple Sclerosis (RMS),PHASE3,NOT_YET_RECRUITING
BIIB,Biogen,NCT06962800,A Study to Learn More About the Effects and Safety of Felzartamab Infusions in Adults With Primary Membranous Nephropathy (PMN),PHASE3,RECRUITING
BIIB,Biogen,NCT07219043,A Study to Learn About the Effects of Felzartamab Infusions in Adults With Kidney Transplants Who Have Late Isolated Microvascular Inflammation,PHASE2,RECRUITING
BIIB,Biogen,NCT07398469,A Long-Term Study of Patient-Reported Changes in Postpartum Depression Symptoms in People Starting Zuranolone,,RECRUITING
BIIB,Biogen,NCT06628687,A Study to Learn How BIIB141 (Omaveloxolone) Affects the Health of Participants With Friedrich's Ataxia Who Took it During Pregnancy and/or During Breastfeeding and About the Health of Their Babies,,RECRUITING
BIIB,Biogen,NCT06955897,Characterizing Perceived Physical Fatigability in Nusinersen-treated SMA,,RECRUITING
BIIB,Biogen,NCT07444476,A Study to Learn About Salanersen's (BIIB115) Effects on Movement and Its Safety in Participants Aged 15 to 60 Years With Spinal Muscular Atrophy (SMA) Who Are Either New to SMA Treatment or Were Previously Treated With Risdiplam,PHASE3,NOT_YET_RECRUITING
BIIB,Biogen,NCT07294144,Tofersen in Non-SOD1 ALS,PHASE2,RECRUITING
BIIB,Biogen,NCT04292574,UK SMA Patient Registry,,RECRUITING
BIIB,Biogen,NCT05017142,Swiss Pediatric Inflammatory Brain Disease Registry (Swiss-Ped-IBrainD),,RECRUITING
OGN,Organon & Co.,NCT07265479,"A Study to Investigate Safety and Efficacy of Tapinarof Cream, 1% in Participants Ages 3 Months to < 24 Months With Atopic Dermatitis",PHASE3,RECRUITING
OGN,Organon & Co.,NCT06561321,Study to Evaluate the Safety and Efficacy of Tapinarof in Adults With Palmoplantar Keratoderma,PHASE2,RECRUITING
VTRS,Viatris,NCT06672016,Study to Evaluate Contraceptive Efficacy and Safety of a Progestin Only Patch in Women of Childbearing Potential,PHASE3,RECRUITING
VTRS,Viatris,NCT05648500,A Research Study to Evaluate the Effects of a New Oral Medicine Called Cenerimod in Adults With Systemic Lupus Erythematosus,PHASE3,RECRUITING
VTRS,Viatris,NCT06525389,Liposomal Amphotericin B and Flucytosine Antifungal Strategy for Talaromycosis (LAmB-FAST),PHASE3,NOT_YET_RECRUITING
VTRS,Viatris,NCT06367998,Effect of Pregabalin on Shoulder Pain in Patients With Central Sensitization After Arthroscopic Rotator Cuff Repair,PHASE4,NOT_YET_RECRUITING
VTRS,Viatris,NCT01848028,PsoBest - The German Psoriasis Registry,,RECRUITING
VTRS,Viatris,NCT07486024,Feasibility of the Application of a New Six-month Treatment for Multidrug-resistant Tuberculosis (MDR-TB) Patients in France (FAST-MDR),PHASE3,NOT_YET_RECRUITING
VTRS,Viatris,NCT07365904,Investigating Ovulation Inhibition for Use as a Contraceptive,PHASE2,RECRUITING
VTRS,Viatris,NCT06875258,PEnile ReHABilitation After Nerve Sparing Robot-assisted Radical Prostatectomy for Prostate Cancer 2.0 (PEHAB-II),PHASE4,RECRUITING
VTRS,Viatris,NCT07201129,A Research Trial to Assess if Cenerimod is Efficacious and Safe to Treat Active Lupus Nephritis on Top of Regular Treatment,PHASE3,RECRUITING
VTRS,Viatris,NCT06471088,Safety and Efficacy Evaluation of <Dovprela Tablets 200 mg> by Post-marketing Surveillance,,RECRUITING
VTRS,Viatris,NCT07231796,Naldemedine in Clinical Practice in Cancer Patients With Opioid Induced CONstipation: Clinical Outcomes and Patient Experience,,RECRUITING
NBIX,Neurocrine Biosciences,NCT07196501,A Study to Evaluate the Maintenance Effect of NBI-1065845 as an Adjunctive Treatment in Participants With Major Depressive Disorder (MDD),PHASE3,RECRUITING
NBIX,Neurocrine Biosciences,NCT06963034,NBI-1117568-SCZ3029: Evaluation of NBI-1117568 in Inpatient Adults With Schizophrenia,PHASE3,RECRUITING
NBIX,Neurocrine Biosciences,NCT07105111,A Study to Evaluate the Effectiveness of Valbenazine in Adult Participants With Tardive Dyskinesia (TD) Who Remain Symptomatic While Receiving or After Stopping a Vesicular Monoamine Transporter 2 (VMAT2) Inhibitor,PHASE4,RECRUITING
NBIX,Neurocrine Biosciences,NCT07365462,"Efficacy, Safety, and Tolerability of NBI-1065890 Versus Placebo in Adults With Tardive Dyskinesia",PHASE2,NOT_YET_RECRUITING
NBIX,Neurocrine Biosciences,NCT07114874,NBI-1117568-SCZ3032: Long-Term Evaluation of NBI-1117568 in Adults With Schizophrenia,PHASE3,RECRUITING
NBIX,Neurocrine Biosciences,NCT07227818,Efficacy of NBI-1117568 in Preventing Relapse in Adults With Schizophrenia,PHASE3,NOT_YET_RECRUITING
NBIX,Neurocrine Biosciences,NCT06963021,NBI-1065845-MDD3026: Study to Assess the Efficacy and Safety of NBI-1065845 as an Adjunctive Treatment in Participants With Major Depressive Disorder (MDD),PHASE3,RECRUITING
NBIX,Neurocrine Biosciences,NCT07288320,"An Assessment of Efficacy, Safety, and Pharmacokinetics of NBI-1117568 in Adults With Bipolar I Disorder With Current Mania",PHASE2,RECRUITING
NBIX,Neurocrine Biosciences,NCT06966401,Long-Term Study to Assess the Safety and Tolerability of NBI-1065845 as an Adjunctive Treatment in Participants With Major Depressive Disorder (MDD),PHASE3,RECRUITING
NBIX,Neurocrine Biosciences,NCT06911112,NBI-1065845-MDD3025: Study to Assess the Efficacy and Safety of NBI-1065845 as an Adjunctive Treatment in Participants With Major Depressive Disorder (MDD),PHASE3,RECRUITING
NBIX,Neurocrine Biosciences,NCT06786624,Study to Assess the Efficacy and Safety of NBI-1065845 as an Adjunctive Treatment in Participants With Major Depressive Disorder (MDD),PHASE3,RECRUITING
NBIX,Neurocrine Biosciences,NCT07105098,NBI-1117568-SCZ3030: Evaluation of NBI-1117568 in Inpatient Adults With Schizophrenia,PHASE3,RECRUITING
NBIX,Neurocrine Biosciences,NCT07187375,"Pharmacokinetics, Safety and Tolerability of Crinecerfont in Participants With Congenital Adrenal Hyperplasia Who Are Less Than 2 Years Old",PHASE2,RECRUITING
NBIX,Neurocrine Biosciences,NCT05207085,Efficacy of Valbenazine for the Treatment of Trichotillomania in Adults,PHASE2,RECRUITING
NBIX,Neurocrine Biosciences,NCT07288333,Evaluation of NBI-1117570 in Inpatient Adults With Schizophrenia,PHASE2,NOT_YET_RECRUITING
NBIX,Neurocrine Biosciences,NCT07111988,Valbenazine in Obsessive Compulsive Disorder,PHASE2,NOT_YET_RECRUITING
AMRX,Amneal Pharmaceuticals,NCT00404989,Antiretroviral Pregnancy Registry (APR): Multi-sponsor Registry to Detect Any Major Teratogenic Effect Involving Any of the Registry Drugs When Administered to Pregnant People.,,RECRUITING
AMRX,Amneal Pharmaceuticals,NCT05401357,Bioequivalence Study With Clinical Endpoint Comparing Bimatoprost Ophthalmic Solution 0.01% and LUMIGAN® in the Treatment of Chronic Open-Angle Glaucoma or Ocular Hypertension in Both Eyes.,PHASE3,RECRUITING
AMRX,Amneal Pharmaceuticals,NCT06267274,"A Randomized, Double-blind, Parallel-group, Two-arm, Multiple Dose, Multicenter, Bioequivalence Study With Clinical Endpoint in the Treatment of Subjects With Chronic Open-angle Glaucoma or Ocular Hypertension in Both Eyes",PHASE1,RECRUITING
AMRX,Amneal Pharmaceuticals,NCT07138560,BOOST-PD A Naturalistic Study on IPX-203 for Parkinson's Disease,PHASE4,RECRUITING
AMRX,Amneal Pharmaceuticals,NCT06765668,A Study of CREXONT (Carbidopa and Levodopa) Extended-Release Capsules in Participants With Parkinson's Disease,PHASE4,RECRUITING
AMRX,Amneal Pharmaceuticals,NCT01733082,The Mycophenolate Pregnancy Registry,,RECRUITING
KNSA,"Kiniksa Pharmaceuticals International, plc",NCT07010159,Phase 2/3 Study of KPL-387 in Recurrent Pericarditis,"PHASE2, PHASE3",RECRUITING
KNSA,"Kiniksa Pharmaceuticals International, plc",NCT07288216,Transition to KPL-387 Monotherapy Dosing & Administration Study,PHASE2,RECRUITING
SUPN,Supernus Pharmaceuticals,NCT07141329,SPN-817 Open-Label Extension Study in Adults With Focal Onset Seizures,PHASE2,RECRUITING
SUPN,Supernus Pharmaceuticals,NCT01246765,National Pregnancy Registry for Psychiatric Medications,,RECRUITING
SUPN,Supernus Pharmaceuticals,NCT07226661,"Double-blind, Placebo-controlled Study in Adults With Major Depressive Disorder",PHASE2,RECRUITING
SUPN,Supernus Pharmaceuticals,NCT06798896,"RENAISSANCE 2: SPN-817 Phase 2, Double-Blind, Placebo-Controlled Study in Adults with Focal Onset Seizures",PHASE2,RECRUITING
SUPN,Supernus Pharmaceuticals,NCT04781140,Evaluation of SPN-812 (Viloxazine Extended-release Capsule) in Preschool-age Children With ADHD,PHASE4,RECRUITING
SUPN,Supernus Pharmaceuticals,NCT07219927,Real-World Patient Experiences Using Continuous Subcutaneous Apomorphine Infusion (ONAPGOTM) in the United States:,,RECRUITING
SUPN,Supernus Pharmaceuticals,NCT07125222,Use of Gocovri to Improve Disability Due to Radiation Encephalopathy,PHASE2,NOT_YET_RECRUITING
BCRX,BioCryst Pharmaceuticals,NCT06539507,"A Study of the Safety, Tolerability, Pharmacokinetics, and Immunogenicity of BCX17725",PHASE1,RECRUITING
AMLX,Amylyx Pharmaceuticals,NCT06665165,AMX0114 in Adult Participants With Amyotrophic Lateral Sclerosis,PHASE1,RECRUITING
ANIP,ANI Pharmaceuticals,NCT06539481,"Open Label Trial Studying the Safety and Effectiveness of ILUVIEN® (190μg) in Children and Adolescents, Who Have Recurrent Non-infectious Uveitis Affecting the Posterior Segment of the Eye.",PHASE4,RECRUITING
ANIP,ANI Pharmaceuticals,NCT05486468,The Use of Two YUTIQ Versus Sham for Treatment of Chronic Non Infectious Intraocular Inflammation Affecting the Posterior Segment,PHASE3,RECRUITING
ANIP,ANI Pharmaceuticals,NCT07346079,Purified Cortrophin® Gel Efficacy and Safety Study of 2 Dose Levels in Patients With Acute Gout Flares,PHASE4,RECRUITING
HROW,Harrow,NCT07224529,Efficacy of Vevye Ophthalmic Solution for the Treatment of Meibomian Gland Dysfunction,PHASE4,NOT_YET_RECRUITING
HROW,Harrow,NCT07368595,Comparison of Conjunctival Goblet Cell Density in Dry Eye Patients Treated With Cyclosporine 0.1% Dissolved in Perfluorobutylpentane (Vevye®) or Generic 0.05% Cyclosporine Emulsion for 8 Weeks,PHASE4,NOT_YET_RECRUITING
EBS,Emergent BioSolutions,NCT02177721,Clinical Benefit and Safety of Raxibacumab in Patients With Symptomatic Inhalational Anthrax in a Mass Exposure Scenario,PHASE4,NOT_YET_RECRUITING
EBS,Emergent BioSolutions,NCT07478471,Observational Study of Raxibacumab in Sporadic Cases of Systemic Anthrax,,NOT_YET_RECRUITING
EBS,Emergent BioSolutions,NCT03569553,A Field Study Evaluating Clinical Benefit and Safety of AIGIV (ANTHRASIL®) in Inhalational Anthrax Patients,,NOT_YET_RECRUITING
EBS,Emergent BioSolutions,NCT07268612,Evaluation of Clinical Benefit and Safety Following CYFENDUS Administration for Post-Exposure Prophylaxis of Anthrax Disease.,,NOT_YET_RECRUITING
EBS,Emergent BioSolutions,NCT03569514,Observational Study Evaluating Clinical Benefit and Safety of AIGIV (ANTHRASIL®) in Patients With Systemic Anthrax,,NOT_YET_RECRUITING
ANIK,Anika Therapeutics,NCT06741527,Integrity Implant System Post Market Clinical Follow-Up Study,NA,RECRUITING
DERM,Journey Medical Corporation,NCT07462702,Topical Minocycline for CARP,EARLY_PHASE1,NOT_YET_RECRUITING
